mut,1,KPFSCRVCMRNFSRS,1
mut,1,KPFSCRVCMRNFSQS,1
mut,1,KPFSCRVCQRNFSRS,1
mut,1,KPFSCRVCQRNFSQS,1
mut,1,KPFSCRVCGRNFSRS,1
mut,1,KPFSCRVCGRNFSQS,1
mut,1,KPFSCRICMRNFSRS,1
mut,1,KPFSCRICMRNFSQS,1
mut,1,KPFSCRICQRNFSRS,1
mut,1,KPFSCRICQRNFSQS,1
mut,1,KPFSCRICGRNFSRS,1
mut,1,KPFSCRICGRNFSQS,1
mut,1,KPFSCPVCMRNFSRS,0
mut,1,KPFSCPVCMRNFSQS,0
mut,1,KPFSCPVCQRNFSRS,0
mut,1,KPFSCPVCQRNFSQS,0
mut,1,KPFSCPVCGRNFSRS,0
mut,1,KPFSCPVCGRNFSQS,0
mut,1,KPFSCPICMRNFSRS,0
mut,1,KPFSCPICMRNFSQS,0
mut,1,KPFSCPICQRNFSRS,0
mut,1,KPFSCPICQRNFSQS,0
mut,1,KPFSCPICGRNFSRS,0
mut,1,KPFSCPICGRNFSQS,0
mut,1,KPFTCRVCMRNFSRS,1
mut,1,KPFTCRVCMRNFSQS,1
mut,1,KPFTCRVCQRNFSRS,1
mut,1,KPFTCRVCQRNFSQS,1
mut,1,KPFTCRVCGRNFSRS,1
mut,1,KPFTCRVCGRNFSQS,1
mut,1,KPFTCRICMRNFSRS,1
mut,1,KPFTCRICMRNFSQS,1
mut,1,KPFTCRICQRNFSRS,1
mut,1,KPFTCRICQRNFSQS,1
mut,1,KPFTCRICGRNFSRS,1
mut,1,KPFTCRICGRNFSQS,1
mut,1,KPFTCPVCMRNFSRS,0
mut,1,KPFTCPVCMRNFSQS,0
mut,1,KPFTCPVCQRNFSRS,0
mut,1,KPFTCPVCQRNFSQS,0
mut,1,KPFTCPVCGRNFSRS,0
mut,1,KPFTCPVCGRNFSQS,0
mut,1,KPFTCPICMRNFSRS,0
mut,1,KPFTCPICMRNFSQS,0
mut,1,KPFTCPICQRNFSRS,0
mut,1,KPFTCPICQRNFSQS,0
mut,1,KPFTCPICGRNFSRS,0
mut,1,KPFTCPICGRNFSQS,0
mut,1,KPFKCRVCMRNFSRS,1
mut,1,KPFKCRVCMRNFSQS,1
mut,1,KPFKCRVCQRNFSRS,1
mut,1,KPFKCRVCQRNFSQS,1
mut,1,KPFKCRVCGRNFSRS,1
mut,1,KPFKCRVCGRNFSQS,1
mut,1,KPFKCRICMRNFSRS,1
mut,1,KPFKCRICMRNFSQS,1
mut,1,KPFKCRICQRNFSRS,1
mut,1,KPFKCRICQRNFSQS,1
mut,1,KPFKCRICGRNFSRS,1
mut,1,KPFKCRICGRNFSQS,1
mut,1,KPFKCPVCMRNFSRS,0
mut,1,KPFKCPVCMRNFSQS,0
mut,1,KPFKCPVCQRNFSRS,0
mut,1,KPFKCPVCQRNFSQS,0
mut,1,KPFKCPVCGRNFSRS,0
mut,1,KPFKCPVCGRNFSQS,0
mut,1,KPFKCPICMRNFSRS,0
mut,1,KPFKCPICMRNFSQS,0
mut,1,KPFKCPICQRNFSRS,0
mut,1,KPFKCPICQRNFSQS,0
mut,1,KPFKCPICGRNFSRS,0
mut,1,KPFKCPICGRNFSQS,0
mut,1,KPFECRVCMRNFSRS,1
mut,1,KPFECRVCMRNFSQS,1
mut,1,KPFECRVCQRNFSRS,1
mut,1,KPFECRVCQRNFSQS,1
mut,1,KPFECRVCGRNFSRS,1
mut,1,KPFECRVCGRNFSQS,1
mut,1,KPFECRICMRNFSRS,1
mut,1,KPFECRICMRNFSQS,1
mut,1,KPFECRICQRNFSRS,1
mut,1,KPFECRICQRNFSQS,1
mut,1,KPFECRICGRNFSRS,1
mut,1,KPFECRICGRNFSQS,1
mut,1,KPFECPVCMRNFSRS,0
mut,1,KPFECPVCMRNFSQS,0
mut,1,KPFECPVCQRNFSRS,0
mut,1,KPFECPVCQRNFSQS,0
mut,1,KPFECPVCGRNFSRS,0
mut,1,KPFECPVCGRNFSQS,0
mut,1,KPFECPICMRNFSRS,0
mut,1,KPFECPICMRNFSQS,0
mut,1,KPFECPICQRNFSRS,0
mut,1,KPFECPICQRNFSQS,0
mut,1,KPFECPICGRNFSRS,0
mut,1,KPFECPICGRNFSQS,0
mut,1,KPFQCRVCMRNFSRS,2
mut,1,KPFQCRVCMRNFSQS,2
mut,1,KPFQCRVCQRNFSRS,1
mut,1,KPFQCRVCQRNFSQS,1
mut,1,KPFQCRVCGRNFSRS,1
mut,1,KPFQCRVCGRNFSQS,1
wt,1,KPFQCRICMRNFSRS,2
mut,1,KPFQCRICMRNFSQS,2
mut,1,KPFQCRICQRNFSRS,1
mut,1,KPFQCRICQRNFSQS,1
mut,1,KPFQCRICGRNFSRS,1
mut,1,KPFQCRICGRNFSQS,1
mut,1,KPFQCPVCMRNFSRS,0
mut,1,KPFQCPVCMRNFSQS,0
mut,1,KPFQCPVCQRNFSRS,0
mut,1,KPFQCPVCQRNFSQS,0
mut,1,KPFQCPVCGRNFSRS,0
mut,1,KPFQCPVCGRNFSQS,0
mut,1,KPFQCPICMRNFSRS,0
mut,1,KPFQCPICMRNFSQS,0
mut,1,KPFQCPICQRNFSRS,0
mut,1,KPFQCPICQRNFSQS,0
mut,1,KPFQCPICGRNFSRS,0
mut,1,KPFQCPICGRNFSQS,0
mut,2,PFSCRVCMRNFSRSD,1
mut,2,PFSCRVCMRNFSQSD,1
mut,2,PFSCRVCQRNFSRSD,1
mut,2,PFSCRVCQRNFSQSD,1
mut,2,PFSCRVCGRNFSRSD,1
mut,2,PFSCRVCGRNFSQSD,1
mut,2,PFSCRICMRNFSRSD,1
mut,2,PFSCRICMRNFSQSD,1
mut,2,PFSCRICQRNFSRSD,1
mut,2,PFSCRICQRNFSQSD,1
mut,2,PFSCRICGRNFSRSD,1
mut,2,PFSCRICGRNFSQSD,1
mut,2,PFSCPVCMRNFSRSD,0
mut,2,PFSCPVCMRNFSQSD,0
mut,2,PFSCPVCQRNFSRSD,0
mut,2,PFSCPVCQRNFSQSD,0
mut,2,PFSCPVCGRNFSRSD,0
mut,2,PFSCPVCGRNFSQSD,0
mut,2,PFSCPICMRNFSRSD,0
mut,2,PFSCPICMRNFSQSD,0
mut,2,PFSCPICQRNFSRSD,0
mut,2,PFSCPICQRNFSQSD,0
mut,2,PFSCPICGRNFSRSD,0
mut,2,PFSCPICGRNFSQSD,0
mut,2,PFTCRVCMRNFSRSD,1
mut,2,PFTCRVCMRNFSQSD,1
mut,2,PFTCRVCQRNFSRSD,1
mut,2,PFTCRVCQRNFSQSD,1
mut,2,PFTCRVCGRNFSRSD,1
mut,2,PFTCRVCGRNFSQSD,1
mut,2,PFTCRICMRNFSRSD,1
mut,2,PFTCRICMRNFSQSD,1
mut,2,PFTCRICQRNFSRSD,1
mut,2,PFTCRICQRNFSQSD,1
mut,2,PFTCRICGRNFSRSD,1
mut,2,PFTCRICGRNFSQSD,1
mut,2,PFTCPVCMRNFSRSD,0
mut,2,PFTCPVCMRNFSQSD,0
mut,2,PFTCPVCQRNFSRSD,0
mut,2,PFTCPVCQRNFSQSD,0
mut,2,PFTCPVCGRNFSRSD,0
mut,2,PFTCPVCGRNFSQSD,0
mut,2,PFTCPICMRNFSRSD,0
mut,2,PFTCPICMRNFSQSD,0
mut,2,PFTCPICQRNFSRSD,0
mut,2,PFTCPICQRNFSQSD,0
mut,2,PFTCPICGRNFSRSD,0
mut,2,PFTCPICGRNFSQSD,0
mut,2,PFKCRVCMRNFSRSD,1
mut,2,PFKCRVCMRNFSQSD,1
mut,2,PFKCRVCQRNFSRSD,1
mut,2,PFKCRVCQRNFSQSD,1
mut,2,PFKCRVCGRNFSRSD,1
mut,2,PFKCRVCGRNFSQSD,1
mut,2,PFKCRICMRNFSRSD,1
mut,2,PFKCRICMRNFSQSD,1
mut,2,PFKCRICQRNFSRSD,1
mut,2,PFKCRICQRNFSQSD,1
mut,2,PFKCRICGRNFSRSD,1
mut,2,PFKCRICGRNFSQSD,1
mut,2,PFKCPVCMRNFSRSD,0
mut,2,PFKCPVCMRNFSQSD,0
mut,2,PFKCPVCQRNFSRSD,0
mut,2,PFKCPVCQRNFSQSD,0
mut,2,PFKCPVCGRNFSRSD,0
mut,2,PFKCPVCGRNFSQSD,0
mut,2,PFKCPICMRNFSRSD,0
mut,2,PFKCPICMRNFSQSD,0
mut,2,PFKCPICQRNFSRSD,0
mut,2,PFKCPICQRNFSQSD,0
mut,2,PFKCPICGRNFSRSD,0
mut,2,PFKCPICGRNFSQSD,0
mut,2,PFECRVCMRNFSRSD,1
mut,2,PFECRVCMRNFSQSD,1
mut,2,PFECRVCQRNFSRSD,1
mut,2,PFECRVCQRNFSQSD,1
mut,2,PFECRVCGRNFSRSD,1
mut,2,PFECRVCGRNFSQSD,1
mut,2,PFECRICMRNFSRSD,1
mut,2,PFECRICMRNFSQSD,1
mut,2,PFECRICQRNFSRSD,1
mut,2,PFECRICQRNFSQSD,1
mut,2,PFECRICGRNFSRSD,1
mut,2,PFECRICGRNFSQSD,1
mut,2,PFECPVCMRNFSRSD,0
mut,2,PFECPVCMRNFSQSD,0
mut,2,PFECPVCQRNFSRSD,0
mut,2,PFECPVCQRNFSQSD,0
mut,2,PFECPVCGRNFSRSD,0
mut,2,PFECPVCGRNFSQSD,0
mut,2,PFECPICMRNFSRSD,0
mut,2,PFECPICMRNFSQSD,0
mut,2,PFECPICQRNFSRSD,0
mut,2,PFECPICQRNFSQSD,0
mut,2,PFECPICGRNFSRSD,0
mut,2,PFECPICGRNFSQSD,0
mut,2,PFQCRVCMRNFSRSD,2
mut,2,PFQCRVCMRNFSQSD,2
mut,2,PFQCRVCQRNFSRSD,1
mut,2,PFQCRVCQRNFSQSD,1
mut,2,PFQCRVCGRNFSRSD,1
mut,2,PFQCRVCGRNFSQSD,1
wt,2,PFQCRICMRNFSRSD,2
mut,2,PFQCRICMRNFSQSD,2
mut,2,PFQCRICQRNFSRSD,1
mut,2,PFQCRICQRNFSQSD,1
mut,2,PFQCRICGRNFSRSD,1
mut,2,PFQCRICGRNFSQSD,1
mut,2,PFQCPVCMRNFSRSD,0
mut,2,PFQCPVCMRNFSQSD,0
mut,2,PFQCPVCQRNFSRSD,0
mut,2,PFQCPVCQRNFSQSD,0
mut,2,PFQCPVCGRNFSRSD,0
mut,2,PFQCPVCGRNFSQSD,0
mut,2,PFQCPICMRNFSRSD,0
mut,2,PFQCPICMRNFSQSD,0
mut,2,PFQCPICQRNFSRSD,0
mut,2,PFQCPICQRNFSQSD,0
mut,2,PFQCPICGRNFSRSD,0
mut,2,PFQCPICGRNFSQSD,0
mut,3,FSCRVCMRNFSRSDH,5
mut,3,FSCRVCMRNFSQSDH,4
mut,3,FSCRVCQRNFSRSDH,1
mut,3,FSCRVCQRNFSQSDH,1
mut,3,FSCRVCGRNFSRSDH,1
mut,3,FSCRVCGRNFSQSDH,1
mut,3,FSCRICMRNFSRSDH,5
mut,3,FSCRICMRNFSQSDH,4
mut,3,FSCRICQRNFSRSDH,1
mut,3,FSCRICQRNFSQSDH,1
mut,3,FSCRICGRNFSRSDH,1
mut,3,FSCRICGRNFSQSDH,1
mut,3,FSCPVCMRNFSRSDH,4
mut,3,FSCPVCMRNFSQSDH,3
mut,3,FSCPVCQRNFSRSDH,0
mut,3,FSCPVCQRNFSQSDH,0
mut,3,FSCPVCGRNFSRSDH,0
mut,3,FSCPVCGRNFSQSDH,0
mut,3,FSCPICMRNFSRSDH,4
mut,3,FSCPICMRNFSQSDH,3
mut,3,FSCPICQRNFSRSDH,0
mut,3,FSCPICQRNFSQSDH,0
mut,3,FSCPICGRNFSRSDH,0
mut,3,FSCPICGRNFSQSDH,0
mut,3,FTCRVCMRNFSRSDH,5
mut,3,FTCRVCMRNFSQSDH,4
mut,3,FTCRVCQRNFSRSDH,1
mut,3,FTCRVCQRNFSQSDH,1
mut,3,FTCRVCGRNFSRSDH,1
mut,3,FTCRVCGRNFSQSDH,1
mut,3,FTCRICMRNFSRSDH,5
mut,3,FTCRICMRNFSQSDH,4
mut,3,FTCRICQRNFSRSDH,1
mut,3,FTCRICQRNFSQSDH,1
mut,3,FTCRICGRNFSRSDH,1
mut,3,FTCRICGRNFSQSDH,1
mut,3,FTCPVCMRNFSRSDH,4
mut,3,FTCPVCMRNFSQSDH,3
mut,3,FTCPVCQRNFSRSDH,0
mut,3,FTCPVCQRNFSQSDH,0
mut,3,FTCPVCGRNFSRSDH,0
mut,3,FTCPVCGRNFSQSDH,0
mut,3,FTCPICMRNFSRSDH,4
mut,3,FTCPICMRNFSQSDH,3
mut,3,FTCPICQRNFSRSDH,0
mut,3,FTCPICQRNFSQSDH,0
mut,3,FTCPICGRNFSRSDH,0
mut,3,FTCPICGRNFSQSDH,0
mut,3,FKCRVCMRNFSRSDH,5
mut,3,FKCRVCMRNFSQSDH,4
mut,3,FKCRVCQRNFSRSDH,1
mut,3,FKCRVCQRNFSQSDH,1
mut,3,FKCRVCGRNFSRSDH,1
mut,3,FKCRVCGRNFSQSDH,1
mut,3,FKCRICMRNFSRSDH,5
mut,3,FKCRICMRNFSQSDH,4
mut,3,FKCRICQRNFSRSDH,1
mut,3,FKCRICQRNFSQSDH,1
mut,3,FKCRICGRNFSRSDH,1
mut,3,FKCRICGRNFSQSDH,1
mut,3,FKCPVCMRNFSRSDH,4
mut,3,FKCPVCMRNFSQSDH,3
mut,3,FKCPVCQRNFSRSDH,0
mut,3,FKCPVCQRNFSQSDH,0
mut,3,FKCPVCGRNFSRSDH,0
mut,3,FKCPVCGRNFSQSDH,0
mut,3,FKCPICMRNFSRSDH,4
mut,3,FKCPICMRNFSQSDH,3
mut,3,FKCPICQRNFSRSDH,0
mut,3,FKCPICQRNFSQSDH,0
mut,3,FKCPICGRNFSRSDH,0
mut,3,FKCPICGRNFSQSDH,0
mut,3,FECRVCMRNFSRSDH,5
mut,3,FECRVCMRNFSQSDH,4
mut,3,FECRVCQRNFSRSDH,1
mut,3,FECRVCQRNFSQSDH,1
mut,3,FECRVCGRNFSRSDH,1
mut,3,FECRVCGRNFSQSDH,1
mut,3,FECRICMRNFSRSDH,5
mut,3,FECRICMRNFSQSDH,4
mut,3,FECRICQRNFSRSDH,1
mut,3,FECRICQRNFSQSDH,1
mut,3,FECRICGRNFSRSDH,1
mut,3,FECRICGRNFSQSDH,1
mut,3,FECPVCMRNFSRSDH,4
mut,3,FECPVCMRNFSQSDH,3
mut,3,FECPVCQRNFSRSDH,0
mut,3,FECPVCQRNFSQSDH,0
mut,3,FECPVCGRNFSRSDH,0
mut,3,FECPVCGRNFSQSDH,0
mut,3,FECPICMRNFSRSDH,4
mut,3,FECPICMRNFSQSDH,3
mut,3,FECPICQRNFSRSDH,0
mut,3,FECPICQRNFSQSDH,0
mut,3,FECPICGRNFSRSDH,0
mut,3,FECPICGRNFSQSDH,0
mut,3,FQCRVCMRNFSRSDH,6
mut,3,FQCRVCMRNFSQSDH,5
mut,3,FQCRVCQRNFSRSDH,1
mut,3,FQCRVCQRNFSQSDH,1
mut,3,FQCRVCGRNFSRSDH,1
mut,3,FQCRVCGRNFSQSDH,1
wt,3,FQCRICMRNFSRSDH,6
mut,3,FQCRICMRNFSQSDH,5
mut,3,FQCRICQRNFSRSDH,1
mut,3,FQCRICQRNFSQSDH,1
mut,3,FQCRICGRNFSRSDH,1
mut,3,FQCRICGRNFSQSDH,1
mut,3,FQCPVCMRNFSRSDH,4
mut,3,FQCPVCMRNFSQSDH,3
mut,3,FQCPVCQRNFSRSDH,0
mut,3,FQCPVCQRNFSQSDH,0
mut,3,FQCPVCGRNFSRSDH,0
mut,3,FQCPVCGRNFSQSDH,0
mut,3,FQCPICMRNFSRSDH,4
mut,3,FQCPICMRNFSQSDH,3
mut,3,FQCPICQRNFSRSDH,0
mut,3,FQCPICQRNFSQSDH,0
mut,3,FQCPICGRNFSRSDH,0
mut,3,FQCPICGRNFSQSDH,0
mut,4,SCRVCMRNFSRSDHL,4
mut,4,SCRVCMRNFSQSDHL,3
mut,4,SCRVCQRNFSRSDHL,0
mut,4,SCRVCQRNFSQSDHL,0
mut,4,SCRVCGRNFSRSDHL,0
mut,4,SCRVCGRNFSQSDHL,0
mut,4,SCRICMRNFSRSDHL,4
mut,4,SCRICMRNFSQSDHL,3
mut,4,SCRICQRNFSRSDHL,0
mut,4,SCRICQRNFSQSDHL,0
mut,4,SCRICGRNFSRSDHL,0
mut,4,SCRICGRNFSQSDHL,0
mut,4,SCPVCMRNFSRSDHL,4
mut,4,SCPVCMRNFSQSDHL,3
mut,4,SCPVCQRNFSRSDHL,0
mut,4,SCPVCQRNFSQSDHL,0
mut,4,SCPVCGRNFSRSDHL,0
mut,4,SCPVCGRNFSQSDHL,0
mut,4,SCPICMRNFSRSDHL,4
mut,4,SCPICMRNFSQSDHL,3
mut,4,SCPICQRNFSRSDHL,0
mut,4,SCPICQRNFSQSDHL,0
mut,4,SCPICGRNFSRSDHL,0
mut,4,SCPICGRNFSQSDHL,0
mut,4,TCRVCMRNFSRSDHL,4
mut,4,TCRVCMRNFSQSDHL,3
mut,4,TCRVCQRNFSRSDHL,0
mut,4,TCRVCQRNFSQSDHL,0
mut,4,TCRVCGRNFSRSDHL,0
mut,4,TCRVCGRNFSQSDHL,0
mut,4,TCRICMRNFSRSDHL,4
mut,4,TCRICMRNFSQSDHL,3
mut,4,TCRICQRNFSRSDHL,0
mut,4,TCRICQRNFSQSDHL,0
mut,4,TCRICGRNFSRSDHL,0
mut,4,TCRICGRNFSQSDHL,0
mut,4,TCPVCMRNFSRSDHL,4
mut,4,TCPVCMRNFSQSDHL,3
mut,4,TCPVCQRNFSRSDHL,0
mut,4,TCPVCQRNFSQSDHL,0
mut,4,TCPVCGRNFSRSDHL,0
mut,4,TCPVCGRNFSQSDHL,0
mut,4,TCPICMRNFSRSDHL,4
mut,4,TCPICMRNFSQSDHL,3
mut,4,TCPICQRNFSRSDHL,0
mut,4,TCPICQRNFSQSDHL,0
mut,4,TCPICGRNFSRSDHL,0
mut,4,TCPICGRNFSQSDHL,0
mut,4,KCRVCMRNFSRSDHL,4
mut,4,KCRVCMRNFSQSDHL,3
mut,4,KCRVCQRNFSRSDHL,0
mut,4,KCRVCQRNFSQSDHL,0
mut,4,KCRVCGRNFSRSDHL,0
mut,4,KCRVCGRNFSQSDHL,0
mut,4,KCRICMRNFSRSDHL,4
mut,4,KCRICMRNFSQSDHL,3
mut,4,KCRICQRNFSRSDHL,0
mut,4,KCRICQRNFSQSDHL,0
mut,4,KCRICGRNFSRSDHL,0
mut,4,KCRICGRNFSQSDHL,0
mut,4,KCPVCMRNFSRSDHL,4
mut,4,KCPVCMRNFSQSDHL,3
mut,4,KCPVCQRNFSRSDHL,0
mut,4,KCPVCQRNFSQSDHL,0
mut,4,KCPVCGRNFSRSDHL,0
mut,4,KCPVCGRNFSQSDHL,0
mut,4,KCPICMRNFSRSDHL,4
mut,4,KCPICMRNFSQSDHL,3
mut,4,KCPICQRNFSRSDHL,0
mut,4,KCPICQRNFSQSDHL,0
mut,4,KCPICGRNFSRSDHL,0
mut,4,KCPICGRNFSQSDHL,0
mut,4,ECRVCMRNFSRSDHL,4
mut,4,ECRVCMRNFSQSDHL,3
mut,4,ECRVCQRNFSRSDHL,0
mut,4,ECRVCQRNFSQSDHL,0
mut,4,ECRVCGRNFSRSDHL,0
mut,4,ECRVCGRNFSQSDHL,0
mut,4,ECRICMRNFSRSDHL,4
mut,4,ECRICMRNFSQSDHL,3
mut,4,ECRICQRNFSRSDHL,0
mut,4,ECRICQRNFSQSDHL,0
mut,4,ECRICGRNFSRSDHL,0
mut,4,ECRICGRNFSQSDHL,0
mut,4,ECPVCMRNFSRSDHL,4
mut,4,ECPVCMRNFSQSDHL,3
mut,4,ECPVCQRNFSRSDHL,0
mut,4,ECPVCQRNFSQSDHL,0
mut,4,ECPVCGRNFSRSDHL,0
mut,4,ECPVCGRNFSQSDHL,0
mut,4,ECPICMRNFSRSDHL,4
mut,4,ECPICMRNFSQSDHL,3
mut,4,ECPICQRNFSRSDHL,0
mut,4,ECPICQRNFSQSDHL,0
mut,4,ECPICGRNFSRSDHL,0
mut,4,ECPICGRNFSQSDHL,0
mut,4,QCRVCMRNFSRSDHL,4
mut,4,QCRVCMRNFSQSDHL,3
mut,4,QCRVCQRNFSRSDHL,0
mut,4,QCRVCQRNFSQSDHL,0
mut,4,QCRVCGRNFSRSDHL,0
mut,4,QCRVCGRNFSQSDHL,0
wt,4,QCRICMRNFSRSDHL,4
mut,4,QCRICMRNFSQSDHL,3
mut,4,QCRICQRNFSRSDHL,0
mut,4,QCRICQRNFSQSDHL,0
mut,4,QCRICGRNFSRSDHL,0
mut,4,QCRICGRNFSQSDHL,0
mut,4,QCPVCMRNFSRSDHL,4
mut,4,QCPVCMRNFSQSDHL,3
mut,4,QCPVCQRNFSRSDHL,0
mut,4,QCPVCQRNFSQSDHL,0
mut,4,QCPVCGRNFSRSDHL,0
mut,4,QCPVCGRNFSQSDHL,0
mut,4,QCPICMRNFSRSDHL,4
mut,4,QCPICMRNFSQSDHL,3
mut,4,QCPICQRNFSRSDHL,0
mut,4,QCPICQRNFSQSDHL,0
mut,4,QCPICGRNFSRSDHL,0
mut,4,QCPICGRNFSQSDHL,0
mut,5,CRVCMRNFSRSDHLT,4
mut,5,CRVCMRNFSQSDHLT,3
mut,5,CRVCQRNFSRSDHLT,0
mut,5,CRVCQRNFSQSDHLT,0
mut,5,CRVCGRNFSRSDHLT,0
mut,5,CRVCGRNFSQSDHLT,0
wt,5,CRICMRNFSRSDHLT,4
mut,5,CRICMRNFSQSDHLT,3
mut,5,CRICQRNFSRSDHLT,0
mut,5,CRICQRNFSQSDHLT,0
mut,5,CRICGRNFSRSDHLT,0
mut,5,CRICGRNFSQSDHLT,0
mut,5,CPVCMRNFSRSDHLT,4
mut,5,CPVCMRNFSQSDHLT,3
mut,5,CPVCQRNFSRSDHLT,0
mut,5,CPVCQRNFSQSDHLT,0
mut,5,CPVCGRNFSRSDHLT,0
mut,5,CPVCGRNFSQSDHLT,0
mut,5,CPICMRNFSRSDHLT,4
mut,5,CPICMRNFSQSDHLT,3
mut,5,CPICQRNFSRSDHLT,0
mut,5,CPICQRNFSQSDHLT,0
mut,5,CPICGRNFSRSDHLT,0
mut,5,CPICGRNFSQSDHLT,0
mut,6,RVCMRNFSRSDHLTT,5
mut,6,RVCMRNFSQSDHLTT,3
mut,6,RVCQRNFSRSDHLTT,1
mut,6,RVCQRNFSQSDHLTT,0
mut,6,RVCGRNFSRSDHLTT,1
mut,6,RVCGRNFSQSDHLTT,0
wt,6,RICMRNFSRSDHLTT,5
mut,6,RICMRNFSQSDHLTT,3
mut,6,RICQRNFSRSDHLTT,1
mut,6,RICQRNFSQSDHLTT,0
mut,6,RICGRNFSRSDHLTT,1
mut,6,RICGRNFSQSDHLTT,0
mut,6,PVCMRNFSRSDHLTT,5
mut,6,PVCMRNFSQSDHLTT,3
mut,6,PVCQRNFSRSDHLTT,1
mut,6,PVCQRNFSQSDHLTT,0
mut,6,PVCGRNFSRSDHLTT,1
mut,6,PVCGRNFSQSDHLTT,0
mut,6,PICMRNFSRSDHLTT,5
mut,6,PICMRNFSQSDHLTT,3
mut,6,PICQRNFSRSDHLTT,1
mut,6,PICQRNFSQSDHLTT,0
mut,6,PICGRNFSRSDHLTT,1
mut,6,PICGRNFSQSDHLTT,0
mut,7,VCMRNFSRSDHLTTH,5
mut,7,VCMRNFSQSDHLTTH,3
mut,7,VCQRNFSRSDHLTTH,1
mut,7,VCQRNFSQSDHLTTH,0
mut,7,VCGRNFSRSDHLTTH,1
mut,7,VCGRNFSQSDHLTTH,0
wt,7,ICMRNFSRSDHLTTH,5
mut,7,ICMRNFSQSDHLTTH,3
mut,7,ICQRNFSRSDHLTTH,1
mut,7,ICQRNFSQSDHLTTH,0
mut,7,ICGRNFSRSDHLTTH,1
mut,7,ICGRNFSQSDHLTTH,0
wt,8,CMRNFSRSDHLTTHI,5
mut,8,CMRNFSQSDHLTTHI,3
mut,8,CQRNFSRSDHLTTHI,1
mut,8,CQRNFSQSDHLTTHI,0
mut,8,CGRNFSRSDHLTTHI,1
mut,8,CGRNFSQSDHLTTHI,0
wt,9,MRNFSRSDHLTTHIR,5
mut,9,MRNFSQSDHLTTHIR,3
mut,9,QRNFSRSDHLTTHIR,1
mut,9,QRNFSQSDHLTTHIR,0
mut,9,GRNFSRSDHLTTHIR,1
mut,9,GRNFSQSDHLTTHIR,0
wt,10,RNFSRSDHLTTHIRT,1
mut,10,RNFSQSDHLTTHIRT,0
wt,11,NFSRSDHLTTHIRTH,1
mut,11,NFSQSDHLTTHIRTH,0
wt,12,FSRSDHLTTHIRTHT,1
mut,12,FSQSDHLTTHIRTHT,0
wt,13,SRSDHLTTHIRTHTG,0
mut,13,SQSDHLTTHIRTHTG,0
wt,14,RSDHLTTHIRTHTGE,0
mut,14,QSDHLTTHIRTHTGE,0
