1,2
1,3
1,11
1,12
1,13
2,3
2,4
2,11
2,13
3,4
3,11
3,12
3,13
3,14
3,15
3,17
3,18
4,5
4,6
4,9
4,10
4,11
4,12
4,18
5,6
5,7
5,8
5,9
5,10
5,11
5,12
5,18
5,21
5,22
5,25
6,7
6,9
7,8
7,9
7,22
7,25
8,9
8,10
8,25
9,10
9,11
10,11
10,12
10,21
11,12
12,13
12,14
12,15
12,17
12,18
12,21
13,14
13,17
14,15
14,16
14,17
14,18
15,16
15,17
15,18
15,19
16,17
16,18
16,19
16,20
17,18
17,19
17,20
17,21
18,19
18,20
18,21
18,22
19,20
19,21
19,22
19,23
20,21
20,22
20,23
21,22
21,23
21,24
22,23
22,24
22,25
22,26
22,28
23,24
23,25
23,26
23,27
23,28
24,25
24,26
24,27
25,26
25,27
26,27
26,28
27,28
