1,K,15
1,K,18
1,K,19
1,K,20
1,K,21
1,K,27
2,P,0
3,F,4
4,T,7
4,T,8
4,T,10
4,T,11
4,E,0
4,E,3
4,E,6
4,E,8
4,Q,9
5,C,1
5,C,3
6,R,29
6,R,30
6,R,34
6,P,0
7,I,4
8,C,0
9,M,7
9,M,11
9,M,12
9,M,13
9,Q,8
10,R,10
10,R,14
10,R,31
11,N,0
11,N,5
11,N,6
12,F,2
12,F,3
12,F,4
12,F,5
13,S,2
13,S,4
13,S,6
13,S,14
13,S,17
14,R,14
14,R,20
14,R,32
14,Q,2
14,Q,4
14,Q,5
14,Q,6
14,Q,7
14,Q,9
15,S,0
15,S,1
15,S,2
15,S,4
15,S,5
15,S,6
15,S,8
15,S,9
15,S,11
16,D,3
16,D,4
16,D,5
17,H,2
17,H,3
17,H,4
17,H,6
17,H,7
17,H,8
17,H,9
18,L,1
18,L,2
18,L,5
19,T,13
19,T,16
19,T,18
20,T,4
20,T,5
20,T,19
21,H,3
21,H,9
22,I,5
22,I,8
23,R,36
24,T,15
25,H,4
25,H,9
26,T,19
27,G,0
28,E,8
