1,D,8
1,E,5
1,E,6
1,E,8
1,E,11
1,E,14
2,I,0
2,I,1
2,I,2
2,I,3
2,I,4
2,I,5
2,I,6
2,I,7
2,I,8
2,I,9
2,I,10
2,I,11
2,I,12
2,I,14
2,I,15
2,I,16
2,I,17
2,I,18
2,I,19
3,V,10
3,V,14
3,V,15
3,L,1
3,L,2
3,L,8
3,L,19
4,L,1
4,L,2
4,L,3
4,L,7
4,L,8
4,L,13
4,L,16
4,L,19
4,M,2
4,M,6
4,M,7
4,M,10
4,M,11
4,M,12
4,M,13
5,T,12
5,T,13
5,T,14
5,T,15
5,T,16
5,T,17
5,T,18
5,T,20
5,T,22
5,T,23
5,T,25
5,T,26
5,T,27
5,T,30
5,T,31
5,T,32
5,T,34
5,T,35
6,Q,9
6,Q,16
7,S,1
7,S,3
7,S,15
8,P,0
9,V,8
9,V,10
9,V,11
9,V,13
9,V,14
9,V,15
9,D,3
9,D,11
9,D,12
10,I,4
10,I,5
10,I,11
10,I,16
10,F,3
10,F,4
10,F,5
10,F,6
10,F,9
10,F,10
10,F,12
10,T,13
10,T,15
11,L,1
11,L,2
11,L,8
11,L,11
11,L,19
11,Q,2
11,Q,3
12,S,7
12,S,10
12,S,12
12,S,13
12,S,15
12,S,16
12,S,17
12,S,22
12,S,34
12,S,38
12,S,46
13,V,0
13,V,4
13,V,5
13,V,6
13,V,12
14,S,1
14,S,3
14,S,13
14,S,16
14,S,17
14,S,22
14,S,38
14,S,46
14,T,1
14,T,3
14,T,11
15,P,0
16,K,15
16,G,0
17,E,2
17,E,6
17,E,7
17,E,8
17,E,9
17,E,10
17,E,11
17,E,12
17,E,14
18,K,3
18,K,11
18,K,13
18,K,15
18,K,28
18,K,29
18,K,30
18,K,34
18,R,11
18,R,12
18,R,13
18,R,14
18,R,15
18,R,16
18,R,17
18,R,18
18,R,21
18,R,22
18,R,23
18,R,24
18,R,26
18,R,27
18,R,28
18,R,34
18,R,35
18,R,36
18,R,37
18,R,38
18,R,40
18,R,41
19,A,0
19,V,2
19,V,4
19,V,5
19,V,10
19,V,14
19,V,15
20,S,12
20,S,13
20,S,15
20,S,16
20,S,17
20,S,22
20,S,38
20,S,46
20,T,1
20,T,12
20,T,13
20,T,15
20,T,16
20,T,17
20,T,20
20,T,30
21,L,2
21,L,3
21,F,2
21,F,4
21,F,6
21,F,7
21,F,9
21,F,10
22,S,7
22,S,10
22,S,11
22,S,12
22,S,13
22,S,15
22,S,16
22,S,17
22,S,22
22,S,34
22,S,38
22,S,46
22,T,12
22,T,13
22,T,14
22,T,15
22,T,16
22,T,17
22,T,18
22,T,20
22,T,22
22,T,23
22,T,25
22,T,26
22,T,27
22,T,30
22,T,31
22,T,32
22,T,34
22,T,35
23,C,0
23,C,1
23,C,2
23,C,3
23,C,4
23,C,5
23,C,6
24,R,1
24,R,5
24,R,6
24,R,7
24,R,14
24,R,17
24,R,18
24,R,19
24,R,21
24,R,22
24,R,23
24,R,24
24,R,25
24,R,28
24,R,29
24,R,31
24,R,36
24,R,38
24,R,40
25,A,0
26,S,1
26,S,3
26,S,4
26,S,13
27,Q,0
27,Q,2
27,Q,9
27,Q,10
27,Q,13
28,S,34
29,I,0
29,I,1
29,I,3
29,I,6
29,I,7
29,I,9
29,I,11
29,I,12
29,I,13
29,I,14
29,I,17
29,I,18
30,G,0
31,T,4
31,T,19
32,N,5
32,N,6
33,I,0
33,I,1
33,I,2
33,I,3
33,I,4
33,I,5
33,I,6
33,I,9
33,I,10
33,I,11
33,I,12
33,I,14
33,I,15
33,I,16
33,I,17
33,I,18
33,I,19
34,H,7
34,H,8
35,W,2
35,W,3
35,W,4
35,W,6
35,W,7
35,W,9
35,W,10
35,W,11
35,W,12
36,Y,6
36,Y,7
36,Y,12
36,Y,14
36,Y,18
37,Q,0
37,Q,4
37,Q,5
37,Q,6
37,Q,9
37,Q,10
37,Q,11
37,Q,12
37,Q,13
37,Q,14
37,Q,15
37,Q,16
37,Q,17
37,Q,20
37,Q,21
38,Q,12
38,Q,20
39,K,4
39,K,6
39,K,7
39,K,8
39,K,13
39,K,14
39,K,15
39,K,16
39,K,17
39,K,19
39,K,29
39,K,30
39,K,34
39,R,2
39,R,3
39,R,5
39,R,6
39,R,11
39,R,12
39,R,14
39,R,15
39,R,16
39,R,17
39,R,18
39,R,21
39,R,22
39,R,23
39,R,24
39,R,26
39,R,27
39,R,36
39,R,38
39,R,39
39,R,40
40,T,1
40,T,3
40,T,17
40,T,19
40,T,20
40,T,30
40,P,0
41,D,11
41,N,5
41,N,6
41,N,8
41,N,13
41,N,16
41,N,18
41,N,19
41,G,0
42,Q,2
42,Q,3
42,Q,4
42,Q,8
42,Q,11
42,Q,12
42,Q,15
42,Q,16
42,Q,18
42,Q,19
42,Q,20
42,Q,23
42,G,0
43,S,1
43,S,2
43,S,4
43,S,22
43,S,38
43,S,46
44,P,0
45,K,9
45,K,19
45,K,21
45,K,23
45,K,24
45,K,29
45,K,31
45,K,33
45,R,7
45,R,8
45,R,9
45,R,10
45,R,11
45,R,12
45,R,13
45,R,14
45,R,15
45,R,16
45,R,17
45,R,18
45,R,19
45,R,20
45,R,21
45,R,22
45,R,23
45,R,24
45,R,25
45,R,26
45,R,27
45,R,28
45,R,29
45,R,30
45,R,32
45,R,33
45,R,34
45,R,35
45,R,36
45,R,37
45,R,38
45,R,40
46,L,1
46,L,2
46,L,6
46,L,7
46,L,8
46,L,10
46,L,11
46,L,12
46,L,15
46,L,19
46,L,21
46,L,22
47,L,1
47,L,2
47,L,3
47,L,4
47,L,5
47,L,6
47,L,7
47,L,8
47,L,9
47,L,10
47,L,11
47,L,12
47,L,13
47,L,14
47,L,15
47,L,16
47,L,17
47,L,18
47,L,19
47,L,20
47,L,21
47,L,22
48,I,0
48,I,3
48,I,4
48,I,9
48,I,10
48,I,11
48,I,15
49,Y,1
49,K,0
49,K,1
49,K,2
49,K,3
49,K,4
49,K,21
49,K,22
49,K,27
49,K,32
50,Y,4
50,Y,5
50,Y,6
50,Y,7
50,Y,8
50,Y,9
50,Y,10
50,Y,11
50,Y,12
50,Y,13
50,Y,14
50,Y,15
50,Y,17
50,Y,18
50,Y,19
51,A,0
52,S,0
52,S,1
53,E,6
53,E,7
53,E,8
53,E,10
53,E,11
53,E,12
53,E,14
54,S,13
54,S,15
55,I,0
55,I,2
55,I,3
55,I,6
55,I,10
55,I,11
55,I,12
55,I,13
55,I,14
55,I,17
55,I,18
56,S,15
56,S,17
56,S,22
56,S,34
56,S,38
56,S,46
57,G,0
58,V,0
58,V,1
58,V,3
58,V,4
58,V,5
58,V,6
58,V,7
58,V,8
58,V,10
58,V,11
58,V,12
58,V,13
58,V,14
58,V,15
58,I,0
58,I,2
58,I,11
58,I,17
59,P,0
60,S,2
60,S,4
60,S,12
60,S,15
60,S,17
61,R,0
61,R,2
61,R,4
61,R,23
61,R,24
61,R,26
61,R,27
61,R,28
61,R,30
61,R,31
61,R,38
61,R,39
61,R,40
62,F,1
62,F,2
62,F,3
62,F,4
62,F,5
62,F,6
62,F,7
62,F,9
62,F,10
62,F,11
62,F,12
63,S,15
64,G,0
65,S,15
66,G,0
67,S,15
67,S,34
68,G,0
69,T,1
69,T,4
69,T,5
69,T,19
70,D,3
70,D,11
70,D,12
70,E,2
70,E,6
70,E,7
70,E,10
70,E,11
70,E,14
71,F,1
71,F,2
71,F,4
71,F,5
71,F,6
71,F,7
71,F,9
71,F,10
71,F,12
72,T,1
72,T,3
72,T,7
72,T,8
72,T,10
72,T,12
72,T,13
72,T,15
72,T,16
72,T,17
72,T,19
72,T,20
72,T,30
73,L,0
73,L,1
73,L,2
73,L,6
73,L,7
73,L,8
73,L,10
73,L,11
73,L,12
73,L,15
73,L,19
73,L,21
73,L,22
74,S,13
74,S,15
74,S,16
74,S,22
74,S,38
74,S,46
74,T,0
74,T,3
74,T,6
74,T,7
74,T,11
74,T,20
74,T,30
75,I,4
75,I,5
75,I,9
75,I,15
75,I,16
75,I,18
75,I,19
76,S,6
76,S,10
76,S,13
76,S,16
76,S,34
76,N,2
76,N,3
76,N,4
76,N,5
76,N,7
76,N,11
76,N,12
76,N,13
76,N,15
76,N,16
76,N,18
77,S,6
77,S,7
77,S,10
77,S,11
77,S,12
77,S,13
77,S,15
77,S,16
77,S,17
77,S,22
77,S,34
77,S,38
77,S,46
78,V,0
78,V,4
78,V,5
78,V,6
78,V,10
78,V,12
78,V,14
78,V,15
78,L,0
79,E,0
79,E,2
79,E,3
79,E,6
79,E,7
79,E,8
79,E,9
79,E,10
79,E,11
79,E,12
79,E,14
79,Q,0
79,Q,1
79,Q,2
79,Q,3
79,Q,4
79,Q,6
79,Q,7
79,Q,8
79,Q,9
79,Q,10
79,Q,11
79,Q,12
79,Q,13
79,Q,14
79,Q,16
79,Q,18
79,Q,19
79,Q,20
79,Q,22
79,Q,23
80,A,0
80,S,0
80,S,1
80,S,3
80,S,4
80,S,6
80,S,9
80,S,12
80,S,13
80,S,14
80,S,15
80,S,16
80,S,17
80,S,20
80,S,21
80,S,22
80,S,33
80,S,38
80,S,42
80,S,46
80,S,47
80,S,48
80,S,49
81,E,0
81,E,2
81,E,3
81,E,5
81,E,6
81,E,7
81,E,8
81,E,9
81,E,10
81,E,11
81,E,12
81,E,14
82,D,1
82,D,3
82,D,4
82,D,5
82,D,7
83,I,11
83,I,15
83,F,1
83,F,11
84,A,0
85,T,0
85,D,5
85,D,7
85,D,8
85,D,11
85,D,12
86,Y,4
86,Y,5
86,Y,6
86,Y,7
86,Y,10
86,Y,14
87,Y,5
87,Y,8
87,Y,10
87,Y,11
87,Y,12
88,C,0
88,C,1
88,C,2
88,C,3
88,C,4
88,C,5
88,C,6
89,Q,0
89,Q,12
90,Q,1
90,Q,5
90,Q,6
90,Q,8
90,Q,9
90,Q,14
90,Q,16
90,Q,17
90,Q,18
90,Q,19
90,Q,21
90,Q,22
90,Q,23
91,N,0
91,N,11
91,N,15
92,N,3
92,N,11
92,N,12
93,N,5
93,N,6
93,N,11
93,N,15
94,W,2
94,W,3
95,P,0
96,T,3
96,T,7
97,T,2
97,T,10
97,T,12
97,T,13
97,T,15
97,T,19
97,T,20
97,T,21
97,T,24
97,T,28
97,T,29
97,T,30
97,T,33
98,F,7
98,F,10
99,G,0
100,A,0
101,G,0
102,T,12
103,K,5
103,K,6
103,K,7
103,K,8
103,K,9
103,K,10
103,K,11
103,K,12
103,K,13
103,K,14
103,K,15
103,K,17
103,K,18
103,K,19
103,K,20
103,K,21
103,K,22
103,K,28
103,K,29
103,K,30
103,K,33
103,K,34
104,L,1
104,L,2
104,L,8
104,L,11
104,L,12
104,L,19
104,L,22
105,E,2
105,E,6
105,E,7
105,E,8
105,E,9
105,E,10
105,E,11
105,E,12
105,E,14
106,L,1
106,L,8
106,L,13
106,L,16
107,K,6
107,K,11
107,K,17
107,K,19
107,K,20
107,K,21
107,K,24
107,K,26
107,K,29
107,K,30
107,K,31
107,K,33
107,K,34
108,Q,2
108,Q,3
109,V,0
109,V,1
109,V,2
109,V,3
109,V,4
109,V,5
109,V,6
109,V,7
109,V,8
109,V,9
109,V,10
109,V,11
109,V,12
109,V,13
109,V,14
109,V,15
110,Q,0
110,Q,2
110,Q,3
110,Q,9
111,L,1
111,L,2
111,L,3
111,L,8
111,L,13
111,L,16
112,K,5
112,K,6
112,K,7
112,K,9
112,K,11
112,K,12
112,K,17
112,K,19
112,K,20
112,K,21
112,K,23
112,K,24
112,K,26
112,K,29
112,K,30
112,K,31
112,K,33
112,K,34
112,Q,2
112,Q,3
112,Q,4
112,Q,6
112,Q,7
112,Q,8
112,Q,9
112,Q,11
112,Q,12
112,Q,16
112,Q,20
112,Q,21
112,Q,22
113,E,6
113,E,11
113,Q,9
114,S,1
114,S,3
114,S,4
114,S,11
114,S,12
114,S,13
114,S,15
114,S,17
114,S,22
114,S,34
114,S,38
114,S,46
115,G,0
116,P,0
117,G,0
118,L,1
118,L,2
118,L,8
119,V,0
119,V,1
119,V,3
119,V,4
119,V,5
119,V,7
119,V,8
119,V,10
119,V,11
119,V,12
119,V,13
119,V,14
119,V,15
120,K,26
121,P,0
122,S,12
122,S,13
122,S,15
122,S,16
122,S,17
122,S,22
122,S,38
122,S,46
123,E,6
123,E,7
123,Q,19
123,Q,21
124,S,1
124,S,3
124,S,12
124,S,13
124,S,15
124,S,16
124,S,17
124,S,22
124,S,38
124,S,46
124,S,48
124,T,1
124,T,2
124,T,3
124,T,5
124,T,19
124,T,21
124,T,24
124,T,28
124,T,33
125,L,1
125,L,2
125,L,3
125,L,6
125,L,7
125,L,8
125,L,10
125,L,11
125,L,12
125,L,15
125,L,19
125,L,21
125,L,22
126,S,12
126,S,13
126,S,15
126,S,16
126,S,22
126,S,38
126,S,46
126,T,1
126,T,3
126,T,12
126,T,13
126,T,15
126,T,16
126,T,17
126,T,18
126,T,20
126,T,22
126,T,23
126,T,25
126,T,26
126,T,27
126,T,30
126,T,31
126,T,32
126,T,34
126,T,35
127,L,1
127,L,4
127,L,8
127,L,9
127,L,13
127,L,16
127,L,21
127,I,4
127,I,16
127,I,18
127,I,19
128,T,1
128,T,3
128,T,4
128,T,5
128,T,11
128,T,12
128,T,13
128,T,15
128,T,16
128,T,17
128,T,19
128,T,20
128,T,29
128,T,30
129,C,0
129,C,1
129,C,2
129,C,3
129,C,4
129,C,5
129,C,6
130,T,6
130,T,7
130,T,8
130,T,9
130,T,11
130,T,12
130,T,13
130,T,15
130,T,16
130,T,17
130,T,18
130,T,20
130,T,22
130,T,23
130,T,25
130,T,26
130,T,27
130,T,30
130,T,31
130,T,32
130,T,34
130,T,35
131,V,0
131,V,1
131,V,2
131,V,3
131,V,4
131,V,5
131,V,6
131,V,7
131,V,8
131,V,9
131,V,10
131,V,11
131,V,12
131,V,13
131,V,14
131,V,15
132,S,15
132,S,34
133,G,0
134,F,5
134,F,8
134,G,0
135,S,4
135,S,7
135,S,10
135,S,11
135,S,34
136,L,1
136,L,3
136,L,8
136,L,16
136,I,0
136,I,2
136,I,5
136,I,14
136,I,16
136,I,18
136,I,19
137,S,0
137,S,1
137,S,2
137,S,4
137,S,5
137,S,6
137,S,12
137,S,13
137,S,15
137,S,16
137,S,17
137,S,22
137,S,27
137,S,31
137,S,38
137,S,46
137,T,0
137,T,4
137,T,5
137,T,19
137,T,21
137,T,28
138,N,6
138,N,19
139,Y,0
139,Y,1
139,Y,4
139,Y,5
139,Y,8
139,Y,9
139,Y,10
139,Y,12
139,Y,13
139,Y,14
139,Y,17
139,Y,18
140,G,0
141,V,0
141,V,1
141,V,2
141,V,3
141,V,4
141,V,5
141,V,6
141,V,7
141,V,8
141,V,9
141,V,10
141,V,11
141,V,12
141,V,13
141,V,14
141,V,15
142,H,7
142,H,8
143,W,2
143,W,3
143,W,4
143,W,6
143,W,7
143,W,9
143,W,10
143,W,11
143,W,12
144,I,4
145,R,1
145,R,2
145,R,3
145,R,5
145,R,6
145,R,39
146,Q,12
146,Q,20
147,S,7
147,S,10
147,S,12
147,S,16
147,S,17
147,S,22
147,S,38
147,S,46
147,H,3
147,H,5
147,H,7
147,H,8
147,P,0
148,P,0
149,G,0
150,K,17
150,K,18
150,K,24
150,K,25
151,G,0
152,L,16
153,E,2
153,E,3
153,E,6
153,E,7
153,E,8
153,E,10
153,E,11
153,E,12
153,E,14
154,W,3
154,W,10
155,L,1
155,L,2
155,L,3
155,L,6
155,L,7
155,L,8
155,L,10
155,L,11
155,L,12
155,L,15
155,L,19
155,L,21
155,L,22
155,I,0
155,I,3
155,I,4
155,I,5
155,I,7
155,I,9
155,I,10
155,I,13
155,I,14
155,I,15
155,I,16
155,I,18
155,I,19
156,G,0
157,V,0
157,V,12
158,I,3
158,I,10
158,I,11
159,W,9
159,W,11
160,S,48
161,G,0
162,G,0
163,N,11
163,N,15
164,T,1
164,T,3
164,T,4
164,T,5
164,T,6
164,T,7
164,T,8
164,T,11
164,T,19
164,T,28
164,T,29
165,D,3
165,D,11
165,D,12
166,Y,6
166,Y,7
166,Y,18
167,N,3
167,N,15
168,T,20
168,T,30
169,P,0
170,F,2
170,F,3
170,F,4
170,F,5
170,F,6
170,F,7
170,F,9
170,F,10
170,F,12
171,T,5
172,S,5
172,S,13
173,R,0
173,R,1
173,R,3
173,R,26
173,R,27
173,R,28
173,R,30
173,R,31
173,R,38
173,R,40
174,V,1
174,V,6
174,V,7
174,V,8
174,V,10
174,V,11
174,V,13
174,V,14
174,V,15
174,L,1
174,L,2
174,L,3
174,L,6
174,L,8
174,L,11
174,L,12
174,L,19
174,L,22
175,S,7
175,S,10
175,S,11
175,T,15
176,I,0
176,I,1
176,I,5
176,I,7
176,I,8
176,I,9
176,I,12
176,I,13
176,I,14
176,I,15
176,I,16
176,I,18
176,I,19
177,S,5
177,S,15
177,N,5
177,N,6
177,N,11
177,N,13
177,N,15
177,N,16
178,V,2
178,V,4
178,V,5
178,K,1
178,K,2
178,K,32
179,D,2
179,D,9
179,D,10
179,D,11
179,D,12
180,T,6
180,T,8
180,T,9
180,T,10
180,T,11
180,T,12
180,T,13
180,T,14
180,T,15
180,T,16
180,T,17
180,T,18
180,T,19
180,T,20
180,T,22
180,T,23
180,T,25
180,T,26
180,T,27
180,T,30
180,T,31
180,T,32
180,T,34
180,T,35
180,N,4
180,N,5
180,N,6
180,N,8
180,N,11
180,N,13
180,N,15
180,N,16
180,N,17
180,N,18
180,N,19
181,S,0
181,S,2
181,S,5
181,S,9
181,S,12
181,S,13
181,S,15
181,S,16
181,S,17
181,S,22
181,S,38
181,S,46
182,K,13
182,K,15
182,K,17
182,K,18
182,K,21
182,K,24
182,K,25
182,K,26
182,K,29
182,K,30
182,K,33
182,K,34
183,N,5
183,N,13
184,Q,0
184,Q,2
184,Q,4
184,Q,6
184,Q,8
184,Q,10
184,Q,11
184,Q,12
184,Q,13
184,Q,14
184,Q,15
184,Q,16
184,Q,17
184,Q,19
184,Q,20
184,Q,21
184,Q,22
185,V,1
185,V,4
185,V,5
185,V,7
185,V,8
185,V,10
185,V,11
185,V,13
185,V,14
185,V,15
185,F,2
185,F,4
185,F,5
185,F,6
185,F,7
185,F,9
185,F,10
185,F,11
185,F,12
186,V,10
186,V,14
186,V,15
186,F,1
186,F,2
186,F,3
186,F,4
186,F,5
186,F,6
186,F,7
186,F,9
186,F,10
186,F,11
186,F,12
186,S,16
187,L,1
187,L,2
187,L,8
187,L,11
187,L,12
187,L,13
187,L,16
187,L,17
187,L,18
187,L,19
187,L,20
187,L,22
187,F,1
187,F,2
187,F,3
187,F,4
187,F,5
187,F,6
187,F,7
187,F,9
187,F,10
187,F,11
187,F,12
188,T,6
188,T,7
188,T,8
188,T,9
188,T,10
188,T,11
188,T,12
188,T,13
188,T,15
188,T,16
188,K,8
188,K,9
188,K,10
188,K,11
188,K,12
188,K,13
188,K,17
188,K,19
188,K,21
188,K,29
188,K,30
188,K,33
188,K,34
189,L,0
189,L,1
189,L,2
189,L,3
189,L,8
189,L,19
189,M,0
189,M,1
189,M,4
189,M,5
189,M,6
189,M,7
189,M,8
189,M,9
189,M,13
190,S,12
190,S,13
190,S,15
190,S,16
190,S,17
190,S,22
190,S,38
190,S,46
190,T,0
190,T,4
190,T,5
190,T,19
190,T,28
190,N,4
190,N,5
190,N,6
190,N,7
190,N,8
190,N,9
190,N,13
190,N,14
190,N,16
190,N,17
190,N,18
190,N,19
191,S,12
191,S,13
191,S,15
191,S,16
191,S,17
191,S,22
191,S,38
191,S,46
191,N,5
191,N,6
191,N,13
191,N,15
191,N,16
191,N,18
192,V,0
192,V,2
192,V,4
192,V,5
192,V,6
192,V,9
192,V,12
192,L,3
192,L,13
192,L,16
192,M,7
192,M,9
192,M,10
192,M,13
193,T,0
193,T,8
193,D,3
193,D,11
193,D,12
193,Q,2
193,Q,6
193,Q,7
193,Q,8
193,Q,9
193,Q,22
194,S,0
194,S,7
194,S,9
194,S,10
194,S,12
194,S,13
194,S,15
194,S,16
194,S,34
194,P,0
195,V,4
195,V,5
195,N,5
195,N,6
195,N,8
195,N,11
195,N,13
195,N,15
195,N,16
195,N,17
195,N,18
195,N,19
196,D,11
197,T,13
197,T,16
198,A,0
199,V,4
199,T,19
200,Y,6
200,Y,7
200,Y,14
201,Y,8
201,Y,11
201,Y,12
202,C,0
202,C,1
202,C,2
202,C,3
202,C,4
202,C,5
202,C,6
203,A,0
204,R,0
204,R,5
204,R,11
204,R,16
204,R,17
204,R,18
204,R,21
204,R,22
204,R,25
204,R,27
204,R,28
204,R,29
204,R,34
204,R,41
205,A,0
206,L,1
206,L,2
206,L,8
206,L,16
206,L,19
207,T,0
207,T,2
207,T,5
207,T,8
207,T,10
207,T,11
207,T,13
207,T,16
207,T,19
207,T,20
207,T,21
207,T,24
207,T,28
207,T,29
207,T,30
207,T,33
208,Y,0
208,Y,1
208,Y,6
208,Y,7
209,Y,0
209,Y,1
209,Y,2
209,Y,3
209,Y,5
209,Y,14
209,Y,17
210,D,3
210,D,5
210,D,11
211,Y,5
211,Y,8
211,Y,10
211,Y,11
211,Y,12
211,Y,14
212,E,0
212,E,1
212,E,3
212,E,13
213,F,2
213,F,7
213,F,9
214,A,0
215,Y,4
215,Y,5
215,Y,6
215,Y,7
215,Y,8
215,Y,9
215,Y,10
215,Y,11
215,Y,12
215,Y,13
215,Y,14
215,Y,15
215,Y,17
215,Y,18
215,Y,19
216,W,9
216,W,12
217,G,0
218,Q,0
218,Q,5
218,Q,6
218,Q,7
218,Q,8
218,Q,9
218,Q,13
218,Q,16
218,Q,18
218,Q,19
218,Q,21
218,Q,22
218,Q,23
219,G,0
220,T,12
220,T,13
220,T,17
221,L,1
221,L,8
222,V,1
222,V,3
222,V,4
222,V,5
222,V,7
222,V,8
222,V,10
222,V,11
222,V,13
222,V,14
222,V,15
223,T,13
224,V,0
224,V,8
224,V,10
224,V,11
224,V,12
224,V,13
224,V,14
224,V,15
225,S,15
