Number of Positions,2
Position,1,Number of AAs,1
AA,LYS,Number of Rotamers,28
Position,2,Number of AAs,1
AA,THR,Number of Rotamers,19
One-body terms
0,11,0,1.1417236328125
0,11,1,1.3626823425292969
0,11,2,0.5745391845703125
0,11,3,1.615555763244629
0,11,4,0.9847955703735352
0,11,5,1.6756658554077148
0,11,6,0.7415084838867188
0,11,7,1.144515037536621
0,11,8,1.5086688995361328
0,11,9,0.5189476013183594
0,11,10,0.8105916976928711
0,11,11,0.0
0,11,12,0.8691368103027344
0,11,13,0.5342121124267578
0,11,14,1.4431028366088867
0,11,15,1.8128719329833984
0,11,16,1.5998315811157227
0,11,17,0.6845054626464844
0,11,18,1.3607549667358398
0,11,19,0.2973594665527344
0,11,20,1.1326637268066406
0,11,21,0.8385467529296875
0,11,22,2.161397933959961
0,11,23,1.6344776153564453
0,11,24,1.2180414199829102
0,11,25,2.455320358276367
0,11,26,1.6238555908203125
0,11,27,1.3283519744873047
1,10,0,0.6711006164550781
1,10,1,0.9220294952392578
1,10,2,0.9329619407653809
1,10,3,0.6558933258056641
1,10,4,1.0283327102661133
1,10,5,0.7732996940612793
1,10,6,0.7260308265686035
1,10,7,0.522456169128418
1,10,8,0.1395554542541504
1,10,9,0.9662628173828125
1,10,10,0.22808599472045898
1,10,11,0.22057485580444336
1,10,12,0.49398088455200195
1,10,13,0.0
1,10,14,0.38489246368408203
1,10,15,0.1602931022644043
1,10,16,0.26843833923339844
1,10,17,0.4328937530517578
1,10,18,0.15274381637573242
Two-body terms
0,11,0,1,10,0,-0.39121580123901367
0,11,0,1,10,1,-0.9654507637023926
0,11,0,1,10,2,-1.1033239364624023
0,11,0,1,10,3,-0.5566673278808594
0,11,0,1,10,4,-1.1515750885009766
0,11,0,1,10,5,-0.7994999885559082
0,11,0,1,10,6,-0.8397493362426758
0,11,0,1,10,7,-0.8640537261962891
0,11,0,1,10,8,-0.9214310646057129
0,11,0,1,10,9,-0.8104248046875
0,11,0,1,10,10,-0.9087867736816406
0,11,0,1,10,11,-0.8982672691345215
0,11,0,1,10,12,-1.29658842086792
0,11,0,1,10,13,-0.39000940322875977
0,11,0,1,10,14,-1.1687355041503906
0,11,0,1,10,15,-1.1463603973388672
0,11,0,1,10,16,-0.8201279640197754
0,11,0,1,10,17,-1.2797884941101074
0,11,0,1,10,18,-0.9235677719116211
0,11,1,1,10,0,-0.16315221786499023
0,11,1,1,10,1,-0.7242894172668457
0,11,1,1,10,2,-0.8845977783203125
0,11,1,1,10,3,-0.3138747215270996
0,11,1,1,10,4,-0.9238958358764648
0,11,1,1,10,5,-0.5810790061950684
0,11,1,1,10,6,-0.632321834564209
0,11,1,1,10,7,-0.6292438507080078
0,11,1,1,10,8,-0.7519731521606445
0,11,1,1,10,9,-0.5631747245788574
0,11,1,1,10,10,-0.716245174407959
0,11,1,1,10,11,-0.7242074012756348
0,11,1,1,10,12,-1.052499771118164
0,11,1,1,10,13,-0.18537044525146484
0,11,1,1,10,14,-0.9952311515808105
0,11,1,1,10,15,-0.8916525840759277
0,11,1,1,10,16,-0.6475701332092285
0,11,1,1,10,17,-1.0801258087158203
0,11,1,1,10,18,-0.7517380714416504
0,11,2,1,10,0,-0.3568916320800781
0,11,2,1,10,1,-0.9182300567626953
0,11,2,1,10,2,-1.0597453117370605
0,11,2,1,10,3,-0.5166730880737305
0,11,2,1,10,4,-1.1043362617492676
0,11,2,1,10,5,-0.7613377571105957
0,11,2,1,10,6,-0.8064274787902832
0,11,2,1,10,7,-0.8238320350646973
0,11,2,1,10,8,-0.8983173370361328
0,11,2,1,10,9,-0.7668509483337402
0,11,2,1,10,10,-0.879490852355957
0,11,2,1,10,11,-0.8739609718322754
0,11,2,1,10,12,-1.2490792274475098
0,11,2,1,10,13,-0.3621335029602051
0,11,2,1,10,14,-1.1384849548339844
0,11,2,1,10,15,-1.1031713485717773
0,11,2,1,10,16,-0.7953729629516602
0,11,2,1,10,17,-1.2408695220947266
0,11,2,1,10,18,-0.8997955322265625
0,11,3,1,10,0,-0.3183279037475586
0,11,3,1,10,1,-0.8930501937866211
0,11,3,1,10,2,-1.0262560844421387
0,11,3,1,10,3,-0.48699235916137695
0,11,3,1,10,4,-1.076155662536621
0,11,3,1,10,5,-0.7226123809814453
0,11,3,1,10,6,-0.7968487739562988
0,11,3,1,10,7,-0.7997221946716309
0,11,3,1,10,8,-0.8815393447875977
0,11,3,1,10,9,-0.7510972023010254
0,11,3,1,10,10,-0.8566689491271973
0,11,3,1,10,11,-0.8625273704528809
0,11,3,1,10,12,-1.2328052520751953
0,11,3,1,10,13,-0.34216785430908203
0,11,3,1,10,14,-1.1395559310913086
0,11,3,1,10,15,-1.0740761756896973
0,11,3,1,10,16,-0.7905082702636719
0,11,3,1,10,17,-1.2381787300109863
0,11,3,1,10,18,-0.8818020820617676
0,11,4,1,10,0,-0.40100669860839844
0,11,4,1,10,1,-0.9583625793457031
0,11,4,1,10,2,-1.1365547180175781
0,11,4,1,10,3,-0.5385541915893555
0,11,4,1,10,4,-1.1706204414367676
0,11,4,1,10,5,-0.8313255310058594
0,11,4,1,10,6,-0.8344006538391113
0,11,4,1,10,7,-0.8732190132141113
0,11,4,1,10,8,-0.9493041038513184
0,11,4,1,10,9,-0.7995157241821289
0,11,4,1,10,10,-0.9349794387817383
0,11,4,1,10,11,-0.9136600494384766
0,11,4,1,10,12,-1.2936878204345703
0,11,4,1,10,13,-0.3926858901977539
0,11,4,1,10,14,-1.180346965789795
0,11,4,1,10,15,-1.139988899230957
0,11,4,1,10,16,-0.8306636810302734
0,11,4,1,10,17,-1.2862515449523926
0,11,4,1,10,18,-0.952362060546875
0,11,5,1,10,0,24.35814666748047
0,11,5,1,10,1,23.736127853393555
0,11,5,1,10,2,22.850440979003906
0,11,5,1,10,3,24.878843307495117
0,11,5,1,10,4,22.958890914916992
0,11,5,1,10,5,23.314546585083008
0,11,5,1,10,6,24.03170394897461
0,11,5,1,10,7,23.814373016357422
0,11,5,1,10,8,23.790775299072266
0,11,5,1,10,9,23.970155715942383
0,11,5,1,10,10,23.74917221069336
0,11,5,1,10,11,23.91895294189453
0,11,5,1,10,12,23.43636703491211
0,11,5,1,10,13,24.493770599365234
0,11,5,1,10,14,23.606704711914062
0,11,5,1,10,15,23.653976440429688
0,11,5,1,10,16,24.0380859375
0,11,5,1,10,17,23.447620391845703
0,11,5,1,10,18,23.77029037475586
0,11,6,1,10,0,0.45592546463012695
0,11,6,1,10,1,-0.23074674606323242
0,11,6,1,10,2,-0.5523681640625
0,11,6,1,10,3,0.37842893600463867
0,11,6,1,10,4,-0.5718779563903809
0,11,6,1,10,5,-0.15932416915893555
0,11,6,1,10,6,-0.010403633117675781
0,11,6,1,10,7,-0.11271524429321289
0,11,6,1,10,8,-0.12666797637939453
0,11,6,1,10,9,-0.02857351303100586
0,11,6,1,10,10,-0.1480393409729004
0,11,6,1,10,11,-0.06682825088500977
0,11,6,1,10,12,-0.5252962112426758
0,11,6,1,10,13,0.4816703796386719
0,11,6,1,10,14,-0.3424263000488281
0,11,6,1,10,15,-0.34403181076049805
0,11,6,1,10,16,0.05672264099121094
0,11,6,1,10,17,-0.4944133758544922
0,11,6,1,10,18,-0.13741636276245117
0,11,7,1,10,0,0.3054165840148926
0,11,7,1,10,1,-0.3007383346557617
0,11,7,1,10,2,-0.6138725280761719
0,11,7,1,10,3,0.24964141845703125
0,11,7,1,10,4,-0.623131275177002
0,11,7,1,10,5,-0.25882387161254883
0,11,7,1,10,6,-0.15262079238891602
0,11,7,1,10,7,-0.2483234405517578
0,11,7,1,10,8,-0.2860989570617676
0,11,7,1,10,9,-0.15784883499145508
0,11,7,1,10,10,-0.2964153289794922
0,11,7,1,10,11,-0.22669363021850586
0,11,7,1,10,12,-0.619788646697998
0,11,7,1,10,13,0.3518514633178711
0,11,7,1,10,14,-0.4644961357116699
0,11,7,1,10,15,-0.44573545455932617
0,11,7,1,10,16,-0.08341836929321289
0,11,7,1,10,17,-0.5981979370117188
0,11,7,1,10,18,-0.2953529357910156
0,11,8,1,10,0,0.8189716339111328
0,11,8,1,10,1,0.28577184677124023
0,11,8,1,10,2,0.018781185150146484
0,11,8,1,10,3,0.7400903701782227
0,11,8,1,10,4,0.01120758056640625
0,11,8,1,10,5,0.3354182243347168
0,11,8,1,10,6,0.3906373977661133
0,11,8,1,10,7,0.3285188674926758
0,11,8,1,10,8,0.19507503509521484
0,11,8,1,10,9,0.4516725540161133
0,11,8,1,10,10,0.2200312614440918
0,11,8,1,10,11,0.25577449798583984
0,11,8,1,10,12,-0.05182647705078125
0,11,8,1,10,13,0.8466897010803223
0,11,8,1,10,14,0.012173175811767578
0,11,8,1,10,15,0.12651348114013672
0,11,8,1,10,16,0.3733787536621094
0,11,8,1,10,17,-0.07995891571044922
0,11,8,1,10,18,0.19070100784301758
0,11,9,1,10,0,0.7440395355224609
0,11,9,1,10,1,0.18780040740966797
0,11,9,1,10,2,0.0033702850341796875
0,11,9,1,10,3,0.610863208770752
0,11,9,1,10,4,-0.028919696807861328
0,11,9,1,10,5,0.3094954490661621
0,11,9,1,10,6,0.2917647361755371
0,11,9,1,10,7,0.24892950057983398
0,11,9,1,10,8,0.17424535751342773
0,11,9,1,10,9,0.32474327087402344
0,11,9,1,10,10,0.18729066848754883
0,11,9,1,10,11,0.2116103172302246
0,11,9,1,10,12,-0.14603519439697266
0,11,9,1,10,13,0.7570781707763672
0,11,9,1,10,14,-0.030614376068115234
0,11,9,1,10,15,0.0079193115234375
0,11,9,1,10,16,0.3197355270385742
0,11,9,1,10,17,-0.13755083084106445
0,11,9,1,10,18,0.17061281204223633
0,11,10,1,10,0,0.4307379722595215
0,11,10,1,10,1,-0.14226007461547852
0,11,10,1,10,2,-0.4249916076660156
0,11,10,1,10,3,0.35892772674560547
0,11,10,1,10,4,-0.4361591339111328
0,11,10,1,10,5,-0.089447021484375
0,11,10,1,10,6,0.01980304718017578
0,11,10,1,10,7,-0.06937837600708008
0,11,10,1,10,8,-0.11379861831665039
0,11,10,1,10,9,0.020586490631103516
0,11,10,1,10,10,-0.12036275863647461
0,11,10,1,10,11,-0.057134151458740234
0,11,10,1,10,12,-0.48160219192504883
0,11,10,1,10,13,0.4680309295654297
0,11,10,1,10,14,-0.3335380554199219
0,11,10,1,10,15,-0.31616735458374023
0,11,10,1,10,16,0.03640317916870117
0,11,10,1,10,17,-0.4606146812438965
0,11,10,1,10,18,-0.12166309356689453
0,11,11,1,10,0,0.5037035942077637
0,11,11,1,10,1,-0.037732601165771484
0,11,11,1,10,2,-0.25841426849365234
0,11,11,1,10,3,0.3970761299133301
0,11,11,1,10,4,-0.2792673110961914
0,11,11,1,10,5,0.049793243408203125
0,11,11,1,10,6,0.07679986953735352
0,11,11,1,10,7,0.007110595703125
0,11,11,1,10,8,-0.04812049865722656
0,11,11,1,10,9,0.09051370620727539
0,11,11,1,10,10,-0.04643058776855469
0,11,11,1,10,11,-0.0010924339294433594
0,11,11,1,10,12,-0.3777627944946289
0,11,11,1,10,13,0.5367422103881836
0,11,11,1,10,14,-0.2400531768798828
0,11,11,1,10,15,-0.22866582870483398
0,11,11,1,10,16,0.11166906356811523
0,11,11,1,10,17,-0.3559556007385254
0,11,11,1,10,18,-0.054046630859375
0,11,12,1,10,0,-0.055975914001464844
0,11,12,1,10,1,-0.5323853492736816
0,11,12,1,10,2,-0.9080533981323242
0,11,12,1,10,3,-0.04715919494628906
0,11,12,1,10,4,-0.8831648826599121
0,11,12,1,10,5,-0.5885295867919922
0,11,12,1,10,6,-0.40387392044067383
0,11,12,1,10,7,-0.5342559814453125
0,11,12,1,10,8,-0.6222681999206543
0,11,12,1,10,9,-0.3939080238342285
0,11,12,1,10,10,-0.622218132019043
0,11,12,1,10,11,-0.5376920700073242
0,11,12,1,10,12,-0.8947739601135254
0,11,12,1,10,13,0.029672622680664062
0,11,12,1,10,14,-0.7828927040100098
0,11,12,1,10,15,-0.7267394065856934
0,11,12,1,10,16,-0.41899776458740234
0,11,12,1,10,17,-0.8934521675109863
0,11,12,1,10,18,-0.6318864822387695
0,11,13,1,10,0,0.7352018356323242
0,11,13,1,10,1,0.15760183334350586
0,11,13,1,10,2,-0.009216785430908203
0,11,13,1,10,3,0.5863223075866699
0,11,13,1,10,4,-0.05020284652709961
0,11,13,1,10,5,0.30243778228759766
0,11,13,1,10,6,0.2850651741027832
0,11,13,1,10,7,0.24109601974487305
0,11,13,1,10,8,0.1927180290222168
0,11,13,1,10,9,0.30420827865600586
0,11,13,1,10,10,0.19791793823242188
0,11,13,1,10,11,0.2242722511291504
0,11,13,1,10,12,-0.17450952529907227
0,11,13,1,10,13,0.7467684745788574
0,11,13,1,10,14,-0.03315544128417969
0,11,13,1,10,15,-0.02262258529663086
0,11,13,1,10,16,0.32077503204345703
0,11,13,1,10,17,-0.15130329132080078
0,11,13,1,10,18,0.18863868713378906
0,11,14,1,10,0,0.7822742462158203
0,11,14,1,10,1,0.16439390182495117
0,11,14,1,10,2,-0.026267051696777344
0,11,14,1,10,3,0.6350383758544922
0,11,14,1,10,4,-0.06775617599487305
0,11,14,1,10,5,0.3091897964477539
0,11,14,1,10,6,0.32357168197631836
0,11,14,1,10,7,0.2701139450073242
0,11,14,1,10,8,0.22830963134765625
0,11,14,1,10,9,0.33626365661621094
0,11,14,1,10,10,0.22892189025878906
0,11,14,1,10,11,0.26409482955932617
0,11,14,1,10,12,-0.163665771484375
0,11,14,1,10,13,0.7900729179382324
0,11,14,1,10,14,-0.014589309692382812
0,11,14,1,10,15,0.003638744354248047
0,11,14,1,10,16,0.35634279251098633
0,11,14,1,10,17,-0.14205408096313477
0,11,14,1,10,18,0.22332334518432617
0,11,15,1,10,0,-0.33502197265625
0,11,15,1,10,1,-0.9500999450683594
0,11,15,1,10,2,-1.0612993240356445
0,11,15,1,10,3,-0.5310544967651367
0,11,15,1,10,4,-1.125828742980957
0,11,15,1,10,5,-0.7405157089233398
0,11,15,1,10,6,-0.8029284477233887
0,11,15,1,10,7,-0.8262844085693359
0,11,15,1,10,8,-0.8611392974853516
0,11,15,1,10,9,-0.7833065986633301
0,11,15,1,10,10,-0.8544816970825195
0,11,15,1,10,11,-0.8452277183532715
0,11,15,1,10,12,-1.283327579498291
0,11,15,1,10,13,-0.33564329147338867
0,11,15,1,10,14,-1.127955436706543
0,11,15,1,10,15,-1.1230711936950684
0,11,15,1,10,16,-0.762488842010498
0,11,15,1,10,17,-1.2555780410766602
0,11,15,1,10,18,-0.8634247779846191
0,11,16,1,10,0,-0.2945570945739746
0,11,16,1,10,1,-0.9134335517883301
0,11,16,1,10,2,-1.0953092575073242
0,11,16,1,10,3,-0.44803762435913086
0,11,16,1,10,4,-1.1393046379089355
0,11,16,1,10,5,-0.7610955238342285
0,11,16,1,10,6,-0.7409782409667969
0,11,16,1,10,7,-0.791259765625
0,11,16,1,10,8,-0.8322172164916992
0,11,16,1,10,9,-0.7276177406311035
0,11,16,1,10,10,-0.8310976028442383
0,11,16,1,10,11,-0.7984442710876465
0,11,16,1,10,12,-1.24869966506958
0,11,16,1,10,13,-0.29543209075927734
0,11,16,1,10,14,-1.0990777015686035
0,11,16,1,10,15,-1.0818829536437988
0,11,16,1,10,16,-0.7287101745605469
0,11,16,1,10,17,-1.2265243530273438
0,11,16,1,10,18,-0.8367037773132324
0,11,17,1,10,0,-0.3434615135192871
0,11,17,1,10,1,-0.922111988067627
0,11,17,1,10,2,-1.0872254371643066
0,11,17,1,10,3,-0.49390649795532227
0,11,17,1,10,4,-1.1287813186645508
0,11,17,1,10,5,-0.7754931449890137
0,11,17,1,10,6,-0.7785944938659668
0,11,17,1,10,7,-0.8219232559204102
0,11,17,1,10,8,-0.8697562217712402
0,11,17,1,10,9,-0.7595548629760742
0,11,17,1,10,10,-0.8645749092102051
0,11,17,1,10,11,-0.8386425971984863
0,11,17,1,10,12,-1.26137113571167
0,11,17,1,10,13,-0.3395543098449707
0,11,17,1,10,14,-1.119701862335205
0,11,17,1,10,15,-1.109262466430664
0,11,17,1,10,16,-0.765657901763916
0,11,17,1,10,17,-1.2380151748657227
0,11,17,1,10,18,-0.8735480308532715
0,11,18,1,10,0,-0.32205677032470703
0,11,18,1,10,1,-0.9166874885559082
0,11,18,1,10,2,-1.0404129028320312
0,11,18,1,10,3,-0.5025453567504883
0,11,18,1,10,4,-1.0968961715698242
0,11,18,1,10,5,-0.7289400100708008
0,11,18,1,10,6,-0.7819290161132812
0,11,18,1,10,7,-0.807314395904541
0,11,18,1,10,8,-0.8487844467163086
0,11,18,1,10,9,-0.7602224349975586
0,11,18,1,10,10,-0.8407964706420898
0,11,18,1,10,11,-0.8296160697937012
0,11,18,1,10,12,-1.2525267601013184
0,11,18,1,10,13,-0.3249039649963379
0,11,18,1,10,14,-1.1065254211425781
0,11,18,1,10,15,-1.0989675521850586
0,11,18,1,10,16,-0.7506570816040039
0,11,18,1,10,17,-1.2271208763122559
0,11,18,1,10,18,-0.8511385917663574
0,11,19,1,10,0,-0.3269786834716797
0,11,19,1,10,1,-0.9075818061828613
0,11,19,1,10,2,-1.038994312286377
0,11,19,1,10,3,-0.49792909622192383
0,11,19,1,10,4,-1.090315818786621
0,11,19,1,10,5,-0.7335572242736816
0,11,19,1,10,6,-0.7782931327819824
0,11,19,1,10,7,-0.8097515106201172
0,11,19,1,10,8,-0.8501663208007812
0,11,19,1,10,9,-0.7587428092956543
0,11,19,1,10,10,-0.8442544937133789
0,11,19,1,10,11,-0.8277950286865234
0,11,19,1,10,12,-1.242673397064209
0,11,19,1,10,13,-0.32671499252319336
0,11,19,1,10,14,-1.0937886238098145
0,11,19,1,10,15,-1.097905158996582
0,11,19,1,10,16,-0.7446966171264648
0,11,19,1,10,17,-1.2129936218261719
0,11,19,1,10,18,-0.8530697822570801
0,11,20,1,10,0,-0.3129892349243164
0,11,20,1,10,1,-0.9192252159118652
0,11,20,1,10,2,-1.055589199066162
0,11,20,1,10,3,-0.4906320571899414
0,11,20,1,10,4,-1.1103496551513672
0,11,20,1,10,5,-0.7358784675598145
0,11,20,1,10,6,-0.7608866691589355
0,11,20,1,10,7,-0.7956500053405762
0,11,20,1,10,8,-0.832148551940918
0,11,20,1,10,9,-0.7441487312316895
0,11,20,1,10,10,-0.8283905982971191
0,11,20,1,10,11,-0.8087897300720215
0,11,20,1,10,12,-1.2544031143188477
0,11,20,1,10,13,-0.316314697265625
0,11,20,1,10,14,-1.10028076171875
0,11,20,1,10,15,-1.0991086959838867
0,11,20,1,10,16,-0.7395339012145996
0,11,20,1,10,17,-1.225858211517334
0,11,20,1,10,18,-0.8353338241577148
0,11,21,1,10,0,-0.31439638137817383
0,11,21,1,10,1,-0.891115665435791
0,11,21,1,10,2,-1.027637004852295
0,11,21,1,10,3,-0.4812955856323242
0,11,21,1,10,4,-1.0767521858215332
0,11,21,1,10,5,-0.7229418754577637
0,11,21,1,10,6,-0.7688808441162109
0,11,21,1,10,7,-0.7948565483093262
0,11,21,1,10,8,-0.8479485511779785
0,11,21,1,10,9,-0.7420744895935059
0,11,21,1,10,10,-0.8368935585021973
0,11,21,1,10,11,-0.8250765800476074
0,11,21,1,10,12,-1.2273211479187012
0,11,21,1,10,13,-0.317044734954834
0,11,21,1,10,14,-1.0946269035339355
0,11,21,1,10,15,-1.0772576332092285
0,11,21,1,10,16,-0.7452950477600098
0,11,21,1,10,17,-1.2077727317810059
0,11,21,1,10,18,-0.8502650260925293
0,11,22,1,10,0,-0.3082590103149414
0,11,22,1,10,1,-0.9003543853759766
0,11,22,1,10,2,-1.028052806854248
0,11,22,1,10,3,-0.48563241958618164
0,11,22,1,10,4,-1.0829205513000488
0,11,22,1,10,5,-0.7169842720031738
0,11,22,1,10,6,-0.7725186347961426
0,11,22,1,10,7,-0.790736198425293
0,11,22,1,10,8,-0.8446612358093262
0,11,22,1,10,9,-0.7435197830200195
0,11,22,1,10,10,-0.8310770988464355
0,11,22,1,10,11,-0.825829029083252
0,11,22,1,10,12,-1.2375569343566895
0,11,22,1,10,13,-0.31439685821533203
0,11,22,1,10,14,-1.1098337173461914
0,11,22,1,10,15,-1.07623291015625
0,11,22,1,10,16,-0.7529668807983398
0,11,22,1,10,17,-1.2240052223205566
0,11,22,1,10,18,-0.8462953567504883
0,11,23,1,10,0,-0.3159599304199219
0,11,23,1,10,1,-0.9361143112182617
0,11,23,1,10,2,-1.069760799407959
0,11,23,1,10,3,-0.5008835792541504
0,11,23,1,10,4,-1.127622127532959
0,11,23,1,10,5,-0.7436699867248535
0,11,23,1,10,6,-0.7726230621337891
0,11,23,1,10,7,-0.8065848350524902
0,11,23,1,10,8,-0.8415675163269043
0,11,23,1,10,9,-0.7562847137451172
0,11,23,1,10,10,-0.8380398750305176
0,11,23,1,10,11,-0.8191146850585938
0,11,23,1,10,12,-1.2661280632019043
0,11,23,1,10,13,-0.3174152374267578
0,11,23,1,10,14,-1.1097569465637207
0,11,23,1,10,15,-1.1061663627624512
0,11,23,1,10,16,-0.743588924407959
0,11,23,1,10,17,-1.2379627227783203
0,11,23,1,10,18,-0.8448162078857422
0,11,24,1,10,0,-0.27744483947753906
0,11,24,1,10,1,-0.9253711700439453
0,11,24,1,10,2,-1.0533461570739746
0,11,24,1,10,3,-0.4769754409790039
0,11,24,1,10,4,-1.1183743476867676
0,11,24,1,10,5,-0.7130322456359863
0,11,24,1,10,6,-0.7486839294433594
0,11,24,1,10,7,-0.785515308380127
0,11,24,1,10,8,-0.8123173713684082
0,11,24,1,10,9,-0.736478328704834
0,11,24,1,10,10,-0.8123946189880371
0,11,24,1,10,11,-0.7903361320495605
0,11,24,1,10,12,-1.2593121528625488
0,11,24,1,10,13,-0.291048526763916
0,11,24,1,10,14,-1.090376853942871
0,11,24,1,10,15,-1.0945873260498047
0,11,24,1,10,16,-0.7140793800354004
0,11,24,1,10,17,-1.2273292541503906
0,11,24,1,10,18,-0.8159232139587402
0,11,25,1,10,0,-0.2757387161254883
0,11,25,1,10,1,-0.9187426567077637
0,11,25,1,10,2,-1.0364770889282227
0,11,25,1,10,3,-0.4792919158935547
0,11,25,1,10,4,-1.1039581298828125
0,11,25,1,10,5,-0.7001023292541504
0,11,25,1,10,6,-0.7583942413330078
0,11,25,1,10,7,-0.7849392890930176
0,11,25,1,10,8,-0.8185405731201172
0,11,25,1,10,9,-0.7403020858764648
0,11,25,1,10,10,-0.813209056854248
0,11,25,1,10,11,-0.8010430335998535
0,11,25,1,10,12,-1.261819839477539
0,11,25,1,10,13,-0.2909388542175293
0,11,25,1,10,14,-1.103438377380371
0,11,25,1,10,15,-1.090059757232666
0,11,25,1,10,16,-0.7252345085144043
0,11,25,1,10,17,-1.2366156578063965
0,11,25,1,10,18,-0.8210287094116211
0,11,26,1,10,0,-0.2506141662597656
0,11,26,1,10,1,-0.93927001953125
0,11,26,1,10,2,-1.129176139831543
0,11,26,1,10,3,-0.4251260757446289
0,11,26,1,10,4,-1.1823925971984863
0,11,26,1,10,5,-0.7601375579833984
0,11,26,1,10,6,-0.7152442932128906
0,11,26,1,10,7,-0.7740516662597656
0,11,26,1,10,8,-0.7997417449951172
0,11,26,1,10,9,-0.7114167213439941
0,11,26,1,10,10,-0.8062520027160645
0,11,26,1,10,11,-0.7642116546630859
0,11,26,1,10,12,-1.2554616928100586
0,11,26,1,10,13,-0.26178693771362305
0,11,26,1,10,14,-1.085085391998291
0,11,26,1,10,15,-1.0764532089233398
0,11,26,1,10,16,-0.6937661170959473
0,11,26,1,10,17,-1.228233814239502
0,11,26,1,10,18,-0.8054995536804199
0,11,27,1,10,0,-0.29711437225341797
0,11,27,1,10,1,-0.9119992256164551
0,11,27,1,10,2,-1.0787725448608398
0,11,27,1,10,3,-0.4589266777038574
0,11,27,1,10,4,-1.1263327598571777
0,11,27,1,10,5,-0.7492032051086426
0,11,27,1,10,6,-0.7497949600219727
0,11,27,1,10,7,-0.7955312728881836
0,11,27,1,10,8,-0.834467887878418
0,11,27,1,10,9,-0.7357177734375
0,11,27,1,10,10,-0.8328418731689453
0,11,27,1,10,11,-0.8039140701293945
0,11,27,1,10,12,-1.2562227249145508
0,11,27,1,10,13,-0.30777931213378906
0,11,27,1,10,14,-1.1043572425842285
0,11,27,1,10,15,-1.0934886932373047
0,11,27,1,10,16,-0.7371444702148438
0,11,27,1,10,17,-1.2315139770507812
0,11,27,1,10,18,-0.8386039733886719
