1,K,0
1,K,2
1,K,3
1,K,4
1,K,5
1,K,6
1,K,11
1,K,17
1,K,19
1,K,21
1,K,22
1,K,24
1,K,27
1,K,28
1,K,29
1,K,31
2,T,6
2,T,11
2,T,17
2,T,18
2,T,19
2,T,20
2,T,23
2,T,24
2,T,25
2,T,26
2,T,27
3,N,4
3,N,5
3,N,6
3,N,7
3,N,9
3,N,11
4,K,0
4,K,2
4,K,4
4,K,5
4,K,6
4,K,11
4,K,17
4,K,19
4,K,24
4,K,26
4,K,27
4,K,28
4,K,29
5,Y,4
5,Y,5
5,Y,6
5,Y,7
5,Y,8
5,H,4
5,H,5
5,H,6
5,H,7
5,H,8
5,H,9
6,G,0
7,T,1
7,T,2
7,T,3
7,T,4
7,T,5
7,T,6
7,T,7
7,T,8
7,T,9
7,T,10
7,T,11
7,T,18
7,T,19
7,T,20
7,T,21
7,T,23
7,T,24
7,T,25
7,T,26
7,T,27
8,L,6
8,Y,2
8,Y,3
8,Y,4
8,Y,5
8,Y,8
8,Y,12
8,W,2
8,W,3
8,W,4
8,W,5
8,W,6
8,W,7
8,W,9
9,Y,1
9,Y,9
9,Y,11
9,W,0
9,W,3
9,W,8
9,W,9
10,K,0
10,K,4
10,K,5
10,K,8
10,K,9
10,K,11
10,K,12
10,K,17
10,K,21
10,K,28
10,K,29
11,A,0
11,S,1
11,S,7
11,S,9
11,S,11
11,S,12
11,S,13
11,S,14
11,S,15
11,S,16
11,S,17
11,S,19
11,S,20
11,S,24
11,E,0
11,E,3
11,E,5
11,E,6
11,E,7
11,E,8
11,E,9
11,N,5
11,N,6
11,N,7
11,P,0
12,E,2
12,E,6
12,E,7
12,E,8
13,S,1
13,S,7
13,S,8
13,S,9
13,S,10
13,S,11
13,S,12
13,S,13
13,S,15
13,S,18
13,S,22
13,K,0
13,K,8
13,K,9
13,K,10
13,K,11
13,K,13
13,K,14
13,K,16
13,K,17
13,K,18
13,K,19
13,K,21
13,K,22
13,K,27
13,K,31
13,K,32
13,H,0
13,H,2
13,H,3
13,H,4
13,H,7
13,H,8
13,N,7
14,A,0
15,S,6
15,S,7
15,S,8
15,S,9
15,S,10
15,S,11
15,S,12
15,S,13
15,S,14
15,S,15
15,S,16
15,S,17
15,S,18
15,S,20
15,S,22
15,R,7
15,R,11
15,R,12
15,R,13
15,R,14
15,R,15
15,R,17
15,R,18
15,R,19
15,R,20
15,R,21
15,R,22
15,R,23
15,R,24
15,R,25
15,R,27
15,R,28
15,R,29
15,R,31
15,R,33
15,R,35
16,F,0
16,F,1
16,F,4
17,T,6
17,T,10
17,T,11
17,T,12
17,T,13
17,T,14
17,T,15
17,T,16
17,T,17
17,T,18
17,T,19
17,T,20
17,T,23
17,T,24
17,T,25
18,P,0
19,N,4
19,N,8
19,N,11
20,T,11
20,T,21
21,D,3
21,D,5
21,D,6
22,I,0
22,I,1
22,I,2
22,I,7
22,I,11
23,I,1
23,I,2
23,I,3
23,I,4
23,I,7
23,I,9
23,I,10
23,I,11
24,T,0
24,T,2
24,T,5
24,T,7
24,T,8
24,T,10
24,T,12
24,T,13
24,T,14
24,T,15
24,T,16
24,T,17
24,T,18
24,T,19
24,T,20
24,T,21
24,T,22
24,T,23
24,T,24
24,T,25
24,T,26
24,T,27
24,T,28
24,T,29
24,T,30
25,R,23
25,R,30
25,R,31
25,R,34
26,T,0
26,T,1
26,T,2
26,T,3
26,T,4
26,T,6
26,T,10
26,T,11
26,T,18
26,T,20
26,T,21
26,T,23
26,T,24
26,T,25
27,T,12
27,T,13
27,T,14
27,T,15
27,T,16
27,T,17
27,T,18
27,T,20
27,T,23
27,T,24
27,T,25
27,G,0
28,G,0
29,P,0
30,F,2
30,F,5
30,K,0
30,K,2
30,K,4
30,K,5
30,K,6
30,K,7
30,K,9
30,K,10
30,K,11
30,K,13
30,K,14
30,K,16
30,K,17
30,K,21
30,K,24
30,K,25
30,K,26
30,K,29
30,K,31
30,K,32
31,L,8
31,T,0
31,T,1
31,T,2
31,T,4
31,T,5
31,T,19
31,T,22
31,T,26
31,T,27
31,T,28
31,T,29
31,T,30
31,R,2
31,R,3
31,R,4
31,R,5
31,R,6
31,R,27
31,R,35
32,S,1
32,S,4
32,S,12
32,S,13
32,S,14
32,S,15
32,S,16
32,S,17
32,S,20
32,T,1
32,T,4
32,T,5
32,T,22
32,T,26
32,T,27
32,T,30
33,A,0
33,C,2
33,M,10
33,M,11
33,M,12
33,M,13
33,E,7
34,P,0
35,Q,0
35,Q,4
35,Q,5
35,Q,6
35,Q,7
35,Q,8
35,Q,9
35,Q,10
35,Q,12
36,A,0
36,S,6
36,S,7
36,S,8
36,S,9
36,S,10
36,S,11
36,S,18
36,S,22
37,G,0
38,I,4
38,I,5
38,I,7
38,W,1
38,W,4
38,W,6
38,W,7
38,D,3
38,D,5
38,Q,6
38,Q,12
39,L,1
39,L,4
39,L,5
39,L,6
39,L,7
39,F,3
40,K,4
40,K,6
40,K,7
40,K,8
40,K,9
40,K,11
40,K,12
40,K,13
40,K,15
40,K,17
40,K,19
40,K,21
40,K,22
40,K,23
40,K,24
40,K,25
40,K,26
40,K,27
40,K,31
40,K,33
40,P,0
41,A,0
41,K,0
41,K,3
41,K,4
41,K,9
41,K,29
41,P,0
42,G,0
43,Q,2
43,Q,3
43,Q,4
43,Q,6
43,Q,7
43,Q,8
43,Q,9
43,Q,10
43,Q,12
44,Y,1
44,W,0
44,W,1
44,W,7
44,S,3
44,S,6
44,S,7
44,S,8
44,S,9
44,S,10
44,S,11
44,S,12
44,S,13
44,S,15
44,S,16
44,S,17
44,S,18
44,S,19
44,S,20
44,S,22
44,T,3
44,T,20
44,T,22
44,T,23
44,T,25
44,T,26
44,T,27
44,T,28
44,T,29
45,I,0
45,I,1
45,I,2
45,I,5
45,I,7
45,I,8
45,I,11
45,C,1
45,C,2
45,T,13
45,T,15
45,T,18
45,T,20
45,T,22
45,T,23
45,T,24
45,T,25
45,T,26
45,T,27
46,T,1
46,T,3
46,T,6
46,T,7
46,T,9
46,T,11
46,T,12
46,T,13
46,T,14
46,T,15
46,T,16
46,T,17
46,T,18
46,T,19
46,T,20
46,T,23
46,T,24
46,T,25
46,T,27
46,H,0
46,H,1
46,H,2
46,H,3
46,H,4
46,H,5
46,H,6
46,H,7
46,H,8
46,H,9
46,D,2
46,D,3
46,D,4
46,D,5
46,D,6
46,D,7
47,Y,4
47,Y,5
47,Y,8
47,Y,9
47,Y,10
47,Y,12
48,D,3
48,D,5
48,D,6
48,D,7
49,E,0
49,E,2
49,E,3
49,E,6
49,E,7
49,E,8
49,E,9
50,V,0
50,V,2
50,V,5
50,V,8
51,C,0
51,C,1
51,M,8
51,M,9
51,M,14
52,K,18
52,K,19
52,K,20
52,K,21
52,K,22
52,K,27
53,Q,2
53,Q,3
53,Q,4
53,Q,5
53,Q,8
53,Q,9
53,Q,10
53,Q,11
54,D,2
54,D,3
54,D,4
54,D,5
54,D,6
54,D,7
55,G,0
56,H,9
57,V,0
57,V,1
57,V,3
57,V,4
57,V,5
57,V,8
58,W,7
59,V,2
59,L,0
59,L,3
59,L,4
59,L,8
59,I,0
59,I,1
59,I,9
60,G,0
61,Y,0
61,Y,1
61,Y,9
61,Y,10
61,Y,11
61,W,0
61,W,8
62,T,1
62,T,6
62,T,10
62,T,11
62,T,13
62,T,14
62,T,15
62,T,16
62,T,17
62,T,18
62,T,19
62,T,21
62,T,22
62,T,24
62,T,25
62,T,26
62,T,27
62,E,0
62,E,1
62,E,5
62,E,6
62,E,8
63,G,0
64,N,0
64,N,4
64,N,5
64,N,6
64,N,9
65,S,2
65,S,4
65,S,5
65,S,21
65,S,23
65,K,17
65,K,19
65,K,21
65,K,22
65,K,24
65,K,26
65,K,27
65,D,5
65,E,5
65,E,6
65,E,7
65,E,8
65,N,5
65,N,6
65,Q,5
65,Q,6
65,Q,7
65,Q,8
65,Q,12
66,G,0
67,Q,0
67,Q,2
67,Q,4
67,Q,6
67,Q,7
67,Q,12
68,R,0
68,R,1
68,R,3
68,R,4
68,R,7
68,R,8
68,R,20
68,R,23
68,R,24
68,R,25
68,R,26
68,R,27
68,R,28
68,R,29
68,R,30
68,R,31
68,R,32
68,R,33
68,R,34
68,R,35
68,R,36
68,R,37
69,I,0
69,I,1
69,I,5
69,I,7
69,I,8
69,I,10
69,I,11
69,Y,4
69,Y,5
69,Y,6
69,Y,8
70,Y,4
70,Y,5
70,Y,6
70,Y,7
70,Y,8
70,Y,12
71,L,0
71,L,1
71,L,2
71,L,3
71,L,4
71,L,5
71,L,6
71,L,7
71,L,8
71,L,9
72,P,0
73,V,2
73,V,4
73,V,5
74,R,1
74,R,2
74,R,3
74,R,4
74,R,27
74,R,35
74,R,37
75,T,18
75,T,24
75,T,25
75,T,26
75,T,27
76,W,2
76,W,3
76,W,8
77,D,2
77,D,3
77,D,5
77,D,7
77,N,2
77,N,3
77,N,5
77,N,9
77,N,10
77,N,11
78,K,1
78,K,2
78,K,3
78,K,5
78,K,7
78,K,8
78,K,9
78,K,11
78,K,12
78,K,13
78,K,17
78,K,19
78,K,21
78,K,24
78,K,27
78,K,29
78,K,31
78,K,33
78,G,0
79,S,0
79,S,5
79,S,9
79,S,12
79,S,14
79,S,15
79,S,16
79,S,17
79,S,20
79,S,21
79,S,23
79,T,0
79,T,18
79,T,20
79,T,22
79,T,23
79,T,24
79,T,25
79,T,26
79,T,27
79,T,28
79,T,29
80,T,0
80,T,1
80,T,2
80,T,3
80,T,4
80,T,5
80,T,20
80,T,22
80,T,23
80,T,26
80,T,27
80,T,28
80,T,29
80,T,30
81,D,5
81,D,7
81,N,5
81,N,9
81,N,11
82,T,0
82,T,1
82,T,2
82,T,3
82,T,4
82,T,5
82,T,21
82,T,22
82,T,28
82,T,29
82,T,30
83,L,0
83,L,3
83,L,5
83,L,8
84,G,0
85,V,8
86,L,1
86,L,3
86,L,5
86,L,6
86,L,7
86,L,8
86,L,9
87,W,9
88,G,0
89,T,0
89,T,3
89,T,5
89,T,10
89,T,20
89,T,21
89,T,22
89,T,23
89,T,26
89,T,28
89,T,29
90,I,2
90,I,4
90,I,11
91,K,5
91,K,6
91,K,8
91,K,9
91,K,19
91,K,21
91,K,22
91,K,24
91,K,25
91,K,27
