Number of Positions,3
Position,1,Number of AAs,2
AA,GLY,Number of Rotamers,1
AA,LYS,Number of Rotamers,27
Position,2,Number of AAs,1
AA,THR,Number of Rotamers,18
Position,3,Number of AAs,1
AA,ASN,Number of Rotamers,7
One-body terms
0,20,27,-3.6543290041494814
0,11,0,-8.37923910338085
0,11,1,-8.108606301497977
0,11,2,-8.795872982950353
0,11,3,-8.276213442421819
0,11,4,-8.054893497005628
0,11,5,-6.879953534499822
0,11,6,-7.945820758230328
0,11,7,-7.213412793836723
0,11,8,-7.509068355297846
0,11,9,-8.735936411015603
0,11,10,-8.435769740203279
0,11,11,-8.99572455711931
0,11,12,-7.956913328131279
0,11,13,-8.916148026871221
0,11,14,-8.057047767687408
0,11,15,-8.445532053273533
0,11,16,-8.150990526605366
0,11,17,-8.970655485105587
0,11,18,-9.239840204519249
0,11,19,-9.711325440035214
0,11,20,-9.108754988393931
0,11,21,-9.1632864571842
0,11,22,-8.501520676741542
0,11,23,-7.616131250352773
0,11,24,-8.200595366369157
0,11,25,-7.810694594884047
0,11,26,-6.675784357886341
1,10,0,-6.90947333468898
1,10,1,-6.709708413390014
1,10,2,-6.677261754050971
1,10,3,-7.030663501479614
1,10,4,-6.557031120609714
1,10,5,-6.838291483814468
1,10,6,-5.651125666862796
1,10,7,-5.949736513771185
1,10,8,-6.360121785733531
1,10,9,-5.447856159615906
1,10,10,-6.277728304500908
1,10,11,-6.229328283127917
1,10,12,-7.176560432434379
1,10,13,-7.665828034086507
1,10,14,-7.299316472621924
1,10,15,-7.505634294517554
1,10,16,-7.410827477731276
1,10,17,-7.244774635878441
2,18,0,-12.654980943396167
2,18,1,-12.328859363926442
2,18,2,2100.2815033783986
2,18,3,-5.7258827883961
2,18,4,-12.662097192438297
2,18,5,-13.52783207232366
2,18,6,-12.743009307750658
Two-body terms
0,20,27,1,10,0,-1.2607021380339232
0,20,27,1,10,1,-1.4500553175760298
0,20,27,1,10,2,-1.5217554075509914
0,20,27,1,10,3,-1.2958406086512029
0,20,27,1,10,4,-1.5201106612709752
0,20,27,1,10,5,-1.437644967204152
0,20,27,1,10,6,-1.3492630954670166
0,20,27,1,10,7,-1.4411205809468566
0,20,27,1,10,8,-1.384542473353577
0,20,27,1,10,9,-1.3849112541716138
0,20,27,1,10,10,-1.4258725869958462
0,20,27,1,10,11,-1.3569123798231626
0,20,27,1,10,12,-1.5087317411916858
0,20,27,1,10,13,-1.151655321378822
0,20,27,1,10,14,-1.2269778919436674
0,20,27,1,10,15,-1.6770587777320611
0,20,27,1,10,16,-1.1566008319885153
0,20,27,1,10,17,-1.3097782512814091
0,20,27,2,18,0,-0.11314002517385724
0,20,27,2,18,1,-0.11681732092274016
0,20,27,2,18,2,-0.12263804267990147
0,20,27,2,18,3,-0.13378628351951355
0,20,27,2,18,4,-0.24079878816302536
0,20,27,2,18,5,-0.18142161166728132
0,20,27,2,18,6,-0.13671155140274555
0,11,0,1,10,0,-1.9277253650538233
0,11,0,1,10,1,-2.190268773049805
0,11,0,1,10,2,-2.3172334517684057
0,11,0,1,10,3,-1.963292191919031
0,11,0,1,10,4,-2.312620460664323
0,11,0,1,10,5,-2.182868950482917
0,11,0,1,10,6,-2.0344799769830524
0,11,0,1,10,7,-2.1169366202382762
0,11,0,1,10,8,-2.1103836746515414
0,11,0,1,10,9,-2.046382974545438
0,11,0,1,10,10,-2.134637385394809
0,11,0,1,10,11,-2.0729384799335486
0,11,0,1,10,12,-2.2308137756102417
0,11,0,1,10,13,-1.7532896413039234
0,11,0,1,10,14,-2.0283774777952757
0,11,0,1,10,15,-2.2617773283194538
0,11,0,1,10,16,-1.8967201757979844
0,11,0,1,10,17,-2.1048843395884917
0,11,0,2,18,0,-0.18093519064509883
0,11,0,2,18,1,-0.10050488453707096
0,11,0,2,18,2,-0.11390054540815409
0,11,0,2,18,3,-0.22112189965446388
0,11,0,2,18,4,-0.6209009884376298
0,11,0,2,18,5,-0.4065184850643547
0,11,0,2,18,6,-0.43684546080047776
0,11,1,1,10,0,-1.7001038904111079
0,11,1,1,10,1,-1.9462886436364415
0,11,1,1,10,2,-2.1002937784780213
0,11,1,1,10,3,-1.7177159718432815
0,11,1,1,10,4,-2.0848276851537912
0,11,1,1,10,5,-1.966577399219807
0,11,1,1,10,6,-1.8212019418150391
0,11,1,1,10,7,-1.881132061901459
0,11,1,1,10,8,-1.9411489479999946
0,11,1,1,10,9,-1.7928856294385422
0,11,1,1,10,10,-1.943184956643015
0,11,1,1,10,11,-1.8967287097281726
0,11,1,1,10,12,-1.9842884372518428
0,11,1,1,10,13,-1.5448745689753194
0,11,1,1,10,14,-1.8496186749848849
0,11,1,1,10,15,-2.0057147986841057
0,11,1,1,10,16,-1.7190202592225408
0,11,1,1,10,17,-1.9007027537265904
0,11,1,2,18,0,0.037315290948076126
0,11,1,2,18,1,0.383470064442983
0,11,1,2,18,2,0.22559774376559272
0,11,1,2,18,3,0.041893521915076955
0,11,1,2,18,4,0.15073909552899067
0,11,1,2,18,5,4.424473409515743
0,11,1,2,18,6,-1.9347465019756085
0,11,2,1,10,0,-1.885051834796677
0,11,2,1,10,1,-2.1337289152960692
0,11,2,1,10,2,-2.2655309649278985
0,11,2,1,10,3,-1.9141975746009647
0,11,2,1,10,4,-2.2567239045027443
0,11,2,1,10,5,-2.1366834376312367
0,11,2,1,10,6,-1.9913604826796372
0,11,2,1,10,7,-2.0684983949696383
0,11,2,1,10,8,-2.0790935949159772
0,11,2,1,10,9,-1.993203128669771
0,11,2,1,10,10,-2.097525369567438
0,11,2,1,10,11,-2.039746166494914
0,11,2,1,10,12,-2.1747840021698237
0,11,2,1,10,13,-1.7161781038523811
0,11,2,1,10,14,-1.9886948196404377
0,11,2,1,10,15,-2.2101655785182017
0,11,2,1,10,16,-1.8624394303484895
0,11,2,1,10,17,-2.0568373043836354
0,11,2,2,18,0,-0.08696513468127293
0,11,2,2,18,1,0.061430990995545505
0,11,2,2,18,2,0.024830449919244386
0,11,2,2,18,3,-0.12928312684900461
0,11,2,2,18,4,-0.3301982153891017
0,11,2,2,18,5,-0.0998164432037455
0,11,2,2,18,6,-0.7459672088720158
0,11,3,1,10,0,-1.858129301418571
0,11,3,1,10,1,-2.1203557496343657
0,11,3,1,10,2,-2.243399274888411
0,11,3,1,10,3,-1.8963282854919776
0,11,3,1,10,4,-2.2399812970351705
0,11,3,1,10,5,-2.1095104748935705
0,11,3,1,10,6,-1.9932255965283725
0,11,3,1,10,7,-2.055162751554341
0,11,3,1,10,8,-2.07378404046014
0,11,3,1,10,9,-1.988206013157617
0,11,3,1,10,10,-2.0859882034146935
0,11,3,1,10,11,-2.039884954336907
0,11,3,1,10,12,-2.1691523585943657
0,11,3,1,10,13,-1.7078470704975723
0,11,3,1,10,14,-2.000409043884513
0,11,3,1,10,15,-2.192476925186287
0,11,3,1,10,16,-1.868682233540337
0,11,3,1,10,17,-2.0645904117355602
0,11,3,2,18,0,-0.18645871344549186
0,11,3,2,18,1,-0.05276168334445707
0,11,3,2,18,2,-0.09616316300545374
0,11,3,2,18,3,-0.19381309262616103
0,11,3,2,18,4,-0.5393384272673044
0,11,3,2,18,5,-0.16393028824870298
0,11,3,2,18,6,-0.790482499225657
0,11,4,1,10,0,-1.9790269190751746
0,11,4,1,10,1,-2.2222444305874047
0,11,4,1,10,2,-2.394293840078623
0,11,4,1,10,3,-1.9832380929297304
0,11,4,1,10,4,-2.373958494992869
0,11,4,1,10,5,-2.2583208142438687
0,11,4,1,10,6,-2.067997357380139
0,11,4,1,10,7,-2.1685740246033283
0,11,4,1,10,8,-2.1794001020198985
0,11,4,1,10,9,-2.0761933812053903
0,11,4,1,10,10,-2.202991403338914
0,11,4,1,10,11,-2.1280647296579938
0,11,4,1,10,12,-2.2684985679004286
0,11,4,1,10,13,-1.795022916402159
0,11,4,1,10,14,-2.0788199085128958
0,11,4,1,10,15,-2.2960277708798236
0,11,4,1,10,16,-1.9456878827993753
0,11,4,1,10,17,-2.150942076708319
0,11,4,2,18,0,-0.041295542477908835
0,11,4,2,18,1,0.09531930919477738
0,11,4,2,18,2,0.08411437680472711
0,11,4,2,18,3,-0.15970280472894288
0,11,4,2,18,4,-1.174534264130432
0,11,4,2,18,5,-0.7859934684420501
0,11,4,2,18,6,-0.19659476440046647
0,11,5,1,10,0,43.67399518031401
0,11,5,1,10,1,43.26702132064736
0,11,5,1,10,2,42.33990906478948
0,11,5,1,10,3,44.359363897004684
0,11,5,1,10,4,42.50327395429174
0,11,5,1,10,5,42.67231284723634
0,11,5,1,10,6,43.46813576030263
0,11,5,1,10,7,43.18914354683944
0,11,5,1,10,8,43.24397189154983
0,11,5,1,10,9,43.356452237709064
0,11,5,1,10,10,43.158817038950716
0,11,5,1,10,11,43.38767841957811
0,11,5,1,10,12,43.321893777531294
0,11,5,1,10,13,43.97180478708861
0,11,5,1,10,14,43.58135240150454
0,11,5,1,10,15,43.36331803546632
0,11,5,1,10,16,43.80737272238837
0,11,5,1,10,17,43.446678568860705
0,11,5,2,18,0,-0.32197315298464774
0,11,5,2,18,1,-0.2561726901353876
0,11,5,2,18,2,-0.314403897818093
0,11,5,2,18,3,-0.43905918102100544
0,11,5,2,18,4,-1.3461826520668467
0,11,5,2,18,5,-0.7070813883761319
0,11,5,2,18,6,-0.1949618657534396
0,11,6,1,10,0,13.154031265629843
0,11,6,1,10,1,12.749722123803004
0,11,6,1,10,2,12.445123657012875
0,11,6,1,10,3,13.193869372915536
0,11,6,1,10,4,12.47204587187208
0,11,6,1,10,5,12.680763542733931
0,11,6,1,10,6,12.925911469786667
0,11,6,1,10,7,12.76768209566987
0,11,6,1,10,8,12.822950698428027
0,11,6,1,10,9,12.864922178819224
0,11,6,1,10,10,12.763115069507412
0,11,6,1,10,11,12.895015795901806
0,11,6,1,10,12,12.78310629176291
0,11,6,1,10,13,13.37169411612466
0,11,6,1,10,14,13.0466405184733
0,11,6,1,10,15,12.786301155776211
0,11,6,1,10,16,13.234654567213687
0,11,6,1,10,17,12.924581246310662
0,11,6,2,18,0,-0.3068918462073638
0,11,6,2,18,1,-0.26801215191586497
0,11,6,2,18,2,-0.3023682055168762
0,11,6,2,18,3,-0.38671218080306363
0,11,6,2,18,4,-0.9598366425302661
0,11,6,2,18,5,-0.6182216964854863
0,11,6,2,18,6,-0.2879391992778247
0,11,7,1,10,0,13.00331206815989
0,11,7,1,10,1,12.695058579427979
0,11,7,1,10,2,12.382597471640093
0,11,7,1,10,3,13.082292089473182
0,11,7,1,10,4,12.426429580035744
0,11,7,1,10,5,12.576018001128137
0,11,7,1,10,6,12.80289898871503
0,11,7,1,10,7,12.646923483121054
0,11,7,1,10,8,12.678590708223656
0,11,7,1,10,9,12.75263354317213
0,11,7,1,10,10,12.628999416389592
0,11,7,1,10,11,12.75275537531629
0,11,7,1,10,12,12.697855091309735
0,11,7,1,10,13,13.249072829159159
0,11,7,1,10,14,12.932917159469959
0,11,7,1,10,15,12.693096392180998
0,11,7,1,10,16,13.101256817997013
0,11,7,1,10,17,12.830138343819623
0,11,7,2,18,0,-0.17969694163833833
0,11,7,2,18,1,-0.13042927399456772
0,11,7,2,18,2,-0.18045867199045568
0,11,7,2,18,3,-0.3280571718969754
0,11,7,2,18,4,-1.1895145129632347
0,11,7,2,18,5,-0.7379389890165072
0,11,7,2,18,6,0.03848955718279896
0,11,8,1,10,0,7.390347242661099
0,11,8,1,10,1,7.178525247343617
0,11,8,1,10,2,6.898502784440361
0,11,8,1,10,3,7.4592363605709915
0,11,8,1,10,4,6.950826394032897
0,11,8,1,10,5,7.047413324095273
0,11,8,1,10,6,7.292020002044789
0,11,8,1,10,7,7.156112099919208
0,11,8,1,10,8,7.08969749828237
0,11,8,1,10,9,7.305439536928591
0,11,8,1,10,10,7.074254784807898
0,11,8,1,10,11,7.171054759446808
0,11,8,1,10,12,7.137135389194419
0,11,8,1,10,13,7.612265073981461
0,11,8,1,10,14,7.281496263657012
0,11,8,1,10,15,7.134143282199136
0,11,8,1,10,16,7.427368644180519
0,11,8,1,10,17,7.221434219457893
0,11,8,2,18,0,0.011719945658918159
0,11,8,2,18,1,0.3045730447369353
0,11,8,2,18,2,0.19321611232489788
0,11,8,2,18,3,-0.15512214875333724
0,11,8,2,18,4,1152.5453042997765
0,11,8,2,18,5,70.35484145942405
0,11,8,2,18,6,96.39844426084234
0,11,9,1,10,0,7.368482896215254
0,11,9,1,10,1,7.124791019549284
0,11,9,1,10,2,6.9429299928160875
0,11,9,1,10,3,7.370822897429261
0,11,9,1,10,4,6.965708806685593
0,11,9,1,10,5,7.08110863419835
0,11,9,1,10,6,7.236233620589542
0,11,9,1,10,7,7.129931613900914
0,11,9,1,10,8,7.121434451933035
0,11,9,1,10,9,7.225086464764376
0,11,9,1,10,10,7.095927100902439
0,11,9,1,10,11,7.175177322525621
0,11,9,1,10,12,7.091067292226909
0,11,9,1,10,13,7.5686239633468295
0,11,9,1,10,14,7.284092092845898
0,11,9,1,10,15,7.0641624148080995
0,11,9,1,10,16,7.41868105875496
0,11,9,1,10,17,7.210216570430389
0,11,9,2,18,0,-0.11798484869512799
0,11,9,2,18,1,0.011715058399043528
0,11,9,2,18,2,-0.006910171713838002
0,11,9,2,18,3,-0.2581086353486251
0,11,9,2,18,4,-0.5363581499652476
0,11,9,2,18,5,-1.183738381450094
0,11,9,2,18,6,-0.21393003770074587
0,11,10,1,10,0,7.006017435018431
0,11,10,1,10,1,6.738363219898889
0,11,10,1,10,2,6.455522040149845
0,11,10,1,10,3,7.070230191857065
0,11,10,1,10,4,6.498708781337027
0,11,10,1,10,5,6.626803170475992
0,11,10,1,10,6,6.903143304815376
0,11,10,1,10,7,6.752411011704422
0,11,10,1,10,8,6.776974687956479
0,11,10,1,10,9,6.8585798653478784
0,11,10,1,10,10,6.731121372575799
0,11,10,1,10,11,6.849067043653187
0,11,10,1,10,12,6.699696932333333
0,11,10,1,10,13,7.226816171987131
0,11,10,1,10,14,6.9269405692362485
0,11,10,1,10,15,6.685505051387481
0,11,10,1,10,16,7.082951747566361
0,11,10,1,10,17,6.831410166597105
0,11,10,2,18,0,-0.23945290944042724
0,11,10,2,18,1,-0.18425729510861283
0,11,10,2,18,2,-0.24529831948222974
0,11,10,2,18,3,-0.4148201736604203
0,11,10,2,18,4,-1.674665284688406
0,11,10,2,18,5,-1.21328593028922
0,11,10,2,18,6,-0.15865516376409722
0,11,11,1,10,0,7.089517597548713
0,11,11,1,10,1,6.860784771064039
0,11,11,1,10,2,6.640392519478568
0,11,11,1,10,3,7.119955918414353
0,11,11,1,10,4,6.67500192218971
0,11,11,1,10,5,6.781313681212235
0,11,11,1,10,6,6.977948062392691
0,11,11,1,10,7,6.845371983121955
0,11,11,1,10,8,6.857812035112496
0,11,11,1,10,9,6.946432675895367
0,11,11,1,10,10,6.820563704255881
0,11,11,1,10,11,6.920985723575037
0,11,11,1,10,12,6.819575177656785
0,11,11,1,10,13,7.309499669474259
0,11,11,1,10,14,7.035069304486828
0,11,11,1,10,15,6.788558365301442
0,11,11,1,10,16,7.171637525942104
0,11,11,1,10,17,6.951777125767035
0,11,11,2,18,0,-0.12546151396606792
0,11,11,2,18,1,-0.06359374753959501
0,11,11,2,18,2,-0.10703355832017936
0,11,11,2,18,3,-0.3584186556506597
0,11,11,2,18,4,-1.7423986293391482
0,11,11,2,18,5,-1.5606019911035
0,11,11,2,18,6,0.42317300295308297
0,11,12,1,10,0,6.771333077396808
0,11,12,1,10,1,6.626054983886191
0,11,12,1,10,2,6.218336427288658
0,11,12,1,10,3,6.94482260831172
0,11,12,1,10,4,6.307592904223026
0,11,12,1,10,5,6.371406651104903
0,11,12,1,10,6,6.748813730914482
0,11,12,1,10,7,6.544059349079718
0,11,12,1,10,8,6.527770155201321
0,11,12,1,10,9,6.706020074517512
0,11,12,1,10,10,6.485793695660097
0,11,12,1,10,11,6.633708758451921
0,11,12,1,10,12,6.551761918910418
0,11,12,1,10,13,7.05485433895899
0,11,12,1,10,14,6.74481623849448
0,11,12,1,10,15,6.539872305721645
0,11,12,1,10,16,6.894613919023457
0,11,12,1,10,17,6.665182121813301
0,11,12,2,18,0,-0.06530637359068908
0,11,12,2,18,1,0.04701068193959724
0,11,12,2,18,2,-0.06532728086204626
0,11,12,2,18,3,-0.4603023167183627
0,11,12,2,18,4,200.05333714152002
0,11,12,2,18,5,3.8389986544464807
0,11,12,2,18,6,75.86915527398799
0,11,13,1,10,0,7.386402151101271
0,11,13,1,10,1,7.118069260710871
0,11,13,1,10,2,6.958214554653989
0,11,13,1,10,3,7.369674124011461
0,11,13,1,10,4,6.970618931868251
0,11,13,1,10,5,7.102274719146366
0,11,13,1,10,6,7.252777857856203
0,11,13,1,10,7,7.148998302739488
0,11,13,1,10,8,7.166307113364607
0,11,13,1,10,9,7.229093022572761
0,11,13,1,10,10,7.133769802738079
0,11,13,1,10,11,7.212675519949317
0,11,13,1,10,12,7.087348266963818
0,11,13,1,10,13,7.582445316778695
0,11,13,1,10,14,7.304912955658652
0,11,13,1,10,15,7.058854953642116
0,11,13,1,10,16,7.443151086528837
0,11,13,1,10,17,7.220234032787229
0,11,13,2,18,0,-0.24598741462776147
0,11,13,2,18,1,-0.18722688584201325
0,11,13,2,18,2,-0.20949205231739637
0,11,13,2,18,3,-0.3344229970303095
0,11,13,2,18,4,-1.1166330103862478
0,11,13,2,18,5,-0.7766253454791846
0,11,13,2,18,6,-0.3372695560003121
0,11,14,1,10,0,7.430217596366524
0,11,14,1,10,1,7.11819878308216
0,11,14,1,10,2,6.935833903831647
0,11,14,1,10,3,7.413269617237622
0,11,14,1,10,4,6.946796819268843
0,11,14,1,10,5,7.104953286070843
0,11,14,1,10,6,7.285078428744607
0,11,14,1,10,7,7.172642431369311
0,11,14,1,10,8,7.197006452378251
0,11,14,1,10,9,7.254999623803875
0,11,14,1,10,10,7.159864698678223
0,11,14,1,10,11,7.247101548543472
0,11,14,1,10,12,7.092838301478841
0,11,14,1,10,13,7.621347035759238
0,11,14,1,10,14,7.318658951508772
0,11,14,1,10,15,7.08002389302368
0,11,14,1,10,16,7.474491142160574
0,11,14,1,10,17,7.224219718215102
0,11,14,2,18,0,-0.2930189167971447
0,11,14,2,18,1,-0.24383083322219096
0,11,14,2,18,2,-0.268223950092166
0,11,14,2,18,3,-0.36839533985533973
0,11,14,2,18,4,-1.162171677125117
0,11,14,2,18,5,-0.7700112285879396
0,11,14,2,18,6,-0.4164320692614019
0,11,15,1,10,0,-1.615652938352543
0,11,15,1,10,1,-1.9204104719307478
0,11,15,1,10,2,-2.0173145897253084
0,11,15,1,10,3,-1.6840699984725696
0,11,15,1,10,4,-2.030082690327935
0,11,15,1,10,5,-1.86633215754462
0,11,15,1,10,6,-1.7475504354538676
0,11,15,1,10,7,-1.8267692505419424
0,11,15,1,10,8,-1.7973802184036387
0,11,15,1,10,9,-1.7687896814877693
0,11,15,1,10,10,-1.8271032477405122
0,11,15,1,10,11,-1.7684590623244887
0,11,15,1,10,12,-1.9619418558895636
0,11,15,1,10,13,-1.4439630925428064
0,11,15,1,10,14,-1.7327000728120328
0,11,15,1,10,15,-1.982886833255811
0,11,15,1,10,16,-1.5845668784078573
0,11,15,1,10,17,-1.82532875566202
0,11,15,2,18,0,-0.20335202877591546
0,11,15,2,18,1,-0.17221799604733495
0,11,15,2,18,2,-0.18021821419049283
0,11,15,2,18,3,-0.21988765563396345
0,11,15,2,18,4,-0.47355741979975835
0,11,15,2,18,5,-0.3135619390745757
0,11,15,2,18,6,-0.27521397142424436
0,11,16,1,10,0,-1.6882930199829884
0,11,16,1,10,1,-2.0002204667877885
0,11,16,1,10,2,-2.1695299321704065
0,11,16,1,10,3,-1.7142585776888848
0,11,16,1,10,4,-2.162039282798441
0,11,16,1,10,5,-2.002856738263443
0,11,16,1,10,6,-1.8002785205137717
0,11,16,1,10,7,-1.908216204562212
0,11,16,1,10,8,-1.8826183015620566
0,11,16,1,10,9,-1.8294235080724421
0,11,16,1,10,10,-1.9190506288416822
0,11,16,1,10,11,-1.8353856553842265
0,11,16,1,10,12,-2.045361313325809
0,11,16,1,10,13,-1.5185367391329994
0,11,16,1,10,14,-1.8186252065619644
0,11,16,1,10,15,-2.0596365018217653
0,11,16,1,10,16,-1.6640878445649525
0,11,16,1,10,17,-1.9129094754809408
0,11,16,2,18,0,-0.1629746972156348
0,11,16,2,18,1,-0.11675541772337816
0,11,16,2,18,2,-0.13661993894674562
0,11,16,2,18,3,-0.22792452395433677
0,11,16,2,18,4,-0.6717351888460793
0,11,16,2,18,5,-0.4088024972643641
0,11,16,2,18,6,-0.09751018480418094
0,11,17,1,10,0,-1.7341042703612484
0,11,17,1,10,1,-2.0027939613264434
0,11,17,1,10,2,-2.1570491179196045
0,11,17,1,10,3,-1.7550703711972293
0,11,17,1,10,4,-2.1461372348023384
0,11,17,1,10,5,-2.0138609201271445
0,11,17,1,10,6,-1.831998923588829
0,11,17,1,10,7,-1.9339886641127588
0,11,17,1,10,8,-1.915548498253608
0,11,17,1,10,9,-1.8556866438324722
0,11,17,1,10,10,-1.948013926617019
0,11,17,1,10,11,-1.8704060042711248
0,11,17,1,10,12,-2.0531951332684977
0,11,17,1,10,13,-1.558501176897944
0,11,17,1,10,14,-1.8347232133909928
0,11,17,1,10,15,-2.0823874320217217
0,11,17,1,10,16,-1.6969663554772731
0,11,17,1,10,17,-1.9195639659607249
0,11,17,2,18,0,-0.10960030993303177
0,11,17,2,18,1,-0.05273641029132447
0,11,17,2,18,2,-0.07109118030248879
0,11,17,2,18,3,-0.1919133470066237
0,11,17,2,18,4,-0.6411154813858104
0,11,17,2,18,5,-0.42264983377214765
0,11,17,2,18,6,0.007821100324284909
0,11,18,1,10,0,-1.6910177882763282
0,11,18,1,10,1,-1.9755292129810995
0,11,18,1,10,2,-2.085827379316724
0,11,18,1,10,3,-1.74348183964443
0,11,18,1,10,4,-2.0903868897513513
0,11,18,1,10,5,-1.9437548815571972
0,11,18,1,10,6,-1.8143478930744497
0,11,18,1,10,7,-1.8965124312091728
0,11,18,1,10,8,-1.873262610354069
0,11,18,1,10,9,-1.8339504672533238
0,11,18,1,10,10,-1.9020562996019623
0,11,18,1,10,11,-1.840711681549723
0,11,18,1,10,12,-2.022113725799671
0,11,18,1,10,13,-1.5236168072546024
0,11,18,1,10,14,-1.801172482404557
0,11,18,1,10,15,-2.0500604920744308
0,11,18,1,10,16,-1.6623862019278892
0,11,18,1,10,17,-1.8872770456035672
0,11,18,2,18,0,-0.19034108877805395
0,11,18,2,18,1,-0.15136669330872415
0,11,18,2,18,2,-0.16389630650027215
0,11,18,2,18,3,-0.21849763056006105
0,11,18,2,18,4,-0.4982401303913865
0,11,18,2,18,5,-0.3188716144013664
0,11,18,2,18,6,-0.26517397079878796
0,11,19,1,10,0,-1.7013126840999577
0,11,19,1,10,1,-1.9722416412194919
0,11,19,1,10,2,-2.0904082822676506
0,11,19,1,10,3,-1.7443585142951483
0,11,19,1,10,4,-2.0898825543967985
0,11,19,1,10,5,-1.9539949718569867
0,11,19,1,10,6,-1.8159697473858314
0,11,19,1,10,7,-1.9045823734945424
0,11,19,1,10,8,-1.879805873654989
0,11,19,1,10,9,-1.8380749214499863
0,11,19,1,10,10,-1.9108895754338433
0,11,19,1,10,11,-1.8439738764037434
0,11,19,1,10,12,-2.018353614307299
0,11,19,1,10,13,-1.5305038501166761
0,11,19,1,10,14,-1.793957678778256
0,11,19,1,10,15,-2.054775426406246
0,11,19,1,10,16,-1.6614891939705156
0,11,19,1,10,17,-1.8790609939548224
0,11,19,2,18,0,-0.17191108704732266
0,11,19,2,18,1,-0.1341987839462696
0,11,19,2,18,2,-0.15066381262558332
0,11,19,2,18,3,-0.2196189505741712
0,11,19,2,18,4,-0.49632455192224906
0,11,19,2,18,5,-0.3356469972920065
0,11,19,2,18,6,-0.21058975573320532
0,11,20,1,10,0,-1.6882723129483672
0,11,20,1,10,1,-1.985509385946657
0,11,20,1,10,2,-2.107801930702067
0,11,20,1,10,3,-1.7386729640989333
0,11,20,1,10,4,-2.111084640294606
0,11,20,1,10,5,-1.9569629552094474
0,11,20,1,10,6,-1.800136734373356
0,11,20,1,10,7,-1.891527431730645
0,11,20,1,10,8,-1.862808510707477
0,11,20,1,10,9,-1.8249030471504328
0,11,20,1,10,10,-1.8959291462784473
0,11,20,1,10,11,-1.8262821731795205
0,11,20,1,10,12,-2.0315265851202744
0,11,20,1,10,13,-1.521503048560131
0,11,20,1,10,14,-1.8019432542331786
0,11,20,1,10,15,-2.0573625420454804
0,11,20,1,10,16,-1.6577538624579224
0,11,20,1,10,17,-1.8934365992078748
0,11,20,2,18,0,-0.19116572053866726
0,11,20,2,18,1,-0.15529061250699844
0,11,20,2,18,2,-0.17252681792054897
0,11,20,2,18,3,-0.2335734567208944
0,11,20,2,18,4,-0.5306255688133698
0,11,20,2,18,5,-0.34660380978848365
0,11,20,2,18,6,-0.22175645173847186
0,11,21,1,10,0,-1.692035220477191
0,11,21,1,10,1,-1.958171956959613
0,11,21,1,10,2,-2.082849289045935
0,11,21,1,10,3,-1.7299475199745222
0,11,21,1,10,4,-2.079545840262741
0,11,21,1,10,5,-1.9473140843143577
0,11,21,1,10,6,-1.808498050487794
0,11,21,1,10,7,-1.892777224114342
0,11,21,1,10,8,-1.8806152845889508
0,11,21,1,10,9,-1.8236336705168803
0,11,21,1,10,10,-1.9068622740823606
0,11,21,1,10,11,-1.8437268039247279
0,11,21,1,10,12,-2.005127879631807
0,11,21,1,10,13,-1.5230803372696355
0,11,21,1,10,14,-1.7962609465827053
0,11,21,1,10,15,-2.0367800128478177
0,11,21,1,10,16,-1.6637421331088786
0,11,21,1,10,17,-1.8754529496661503
0,11,21,2,18,0,-0.13518781217672865
0,11,21,2,18,1,-0.06820255089579075
0,11,21,2,18,2,-0.08576000141446055
0,11,21,2,18,3,-0.18275583241536936
0,11,21,2,18,4,-0.4474624233063141
0,11,21,2,18,5,-0.24929509930986654
0,11,21,2,18,6,-0.21045353083920953
0,11,22,1,10,0,-1.6868996801193932
0,11,22,1,10,1,-1.9682381865624592
0,11,22,1,10,2,-2.083627953625501
0,11,22,1,10,3,-1.7353864768409277
0,11,22,1,10,4,-2.0861113384665493
0,11,22,1,10,5,-1.9420660063794042
0,11,22,1,10,6,-1.813433612190773
0,11,22,1,10,7,-1.8893500788763467
0,11,22,1,10,8,-1.8785355320854915
0,11,22,1,10,9,-1.8259209674853398
0,11,22,1,10,10,-1.9020171572174616
0,11,22,1,10,11,-1.8458455498122932
0,11,22,1,10,12,-2.01558455355018
0,11,22,1,10,13,-1.521926522493703
0,11,22,1,10,14,-1.8122390203095349
0,11,22,1,10,15,-2.03647635498765
0,11,22,1,10,16,-1.6727287433377906
0,11,22,1,10,17,-1.892054156750584
0,11,22,2,18,0,-0.18985399851492285
0,11,22,2,18,1,-0.13201459772609458
0,11,22,2,18,2,-0.1459042554411757
0,11,22,2,18,3,-0.2107288489588927
0,11,22,2,18,4,-0.4834563580086491
0,11,22,2,18,5,-0.2626534882450214
0,11,22,2,18,6,-0.3043451805198108
0,11,23,1,10,0,-1.7458483982493043
0,11,23,1,10,1,-2.05760921330878
0,11,23,1,10,2,-2.1767917487554627
0,11,23,1,10,3,-1.8040077930838216
0,11,23,1,10,4,-2.183370412959731
0,11,23,1,10,5,-2.0193921767888012
0,11,23,1,10,6,-1.867887425265622
0,11,23,1,10,7,-1.958190963402581
0,11,23,1,10,8,-1.9280180292294
0,11,23,1,10,9,-1.8929472941005852
0,11,23,1,10,10,-1.9612724931689227
0,11,23,1,10,11,-1.89254190680842
0,11,23,1,10,12,-2.09467251252781
0,11,23,1,10,13,-1.5736442610656747
0,11,23,1,10,14,-1.863016414650526
0,11,23,1,10,15,-2.1155243555886525
0,11,23,1,10,16,-1.7132025529629162
0,11,23,1,10,17,-1.9571279556897192
0,11,23,2,18,0,-0.19327132793250784
0,11,23,2,18,1,-0.15918857054170538
0,11,23,2,18,2,-0.17427765982893056
0,11,23,2,18,3,-0.23034005256005957
0,11,23,2,18,4,-0.5079455327621066
0,11,23,2,18,5,-0.331174995502501
0,11,23,2,18,6,-0.21941423909542418
0,11,24,1,10,0,-1.7081332103265279
0,11,24,1,10,1,-2.0479426749912246
0,11,24,1,10,2,-2.159621011025078
0,11,24,1,10,3,-1.7820873750163928
0,11,24,1,10,4,-2.1739997286695414
0,11,24,1,10,5,-1.9881309920827974
0,11,24,1,10,6,-1.8461053236152756
0,11,24,1,10,7,-1.9382942520575748
0,11,24,1,10,8,-1.900180566763583
0,11,24,1,10,9,-1.8748663814518416
0,11,24,1,10,10,-1.9366906636627714
0,11,24,1,10,11,-1.8657110119948204
0,11,24,1,10,12,-2.088969584232147
0,11,24,1,10,13,-1.5481758116615723
0,11,24,1,10,14,-1.8450832580061927
0,11,24,1,10,15,-2.104753147041718
0,11,24,1,10,16,-1.6849865184060473
0,11,24,1,10,17,-1.9478641093969955
0,11,24,2,18,0,-0.20742127682780814
0,11,24,2,18,1,-0.17779087756117834
0,11,24,2,18,2,-0.19129589841250644
0,11,24,2,18,3,-0.2374279038782257
0,11,24,2,18,4,-0.5053694298890065
0,11,24,2,18,5,-0.34353187153191495
0,11,24,2,18,6,-0.24770090898081604
0,11,25,1,10,0,-1.70732419566985
0,11,25,1,10,1,-2.040213627869259
0,11,25,1,10,2,-2.1433928759462275
0,11,25,1,10,3,-1.783429070136263
0,11,25,1,10,4,-2.1592288370031842
0,11,25,1,10,5,-1.9767903569588559
0,11,25,1,10,6,-1.8550748441552485
0,11,25,1,10,7,-1.9373446680430986
0,11,25,1,10,8,-1.9065618372425073
0,11,25,1,10,9,-1.8778761197105283
0,11,25,1,10,10,-1.9376068251120149
0,11,25,1,10,11,-1.8761735876175694
0,11,25,1,10,12,-2.089747665482363
0,11,25,1,10,13,-1.5483782112034836
0,11,25,1,10,14,-1.857393871473327
0,11,25,1,10,15,-2.099120269477039
0,11,25,1,10,16,-1.6964543400414724
0,11,25,1,10,17,-1.9556453526818443
0,11,25,2,18,0,-0.2093072043956426
0,11,25,2,18,1,-0.17597326782082862
0,11,25,2,18,2,-0.1853939862302713
0,11,25,2,18,3,-0.22825390271143325
0,11,25,2,18,4,-0.490106767632877
0,11,25,2,18,5,-0.32430623053939694
0,11,25,2,18,6,-0.2689065617776288
0,11,26,1,10,0,-1.712109690062909
0,11,26,1,10,1,-2.099203218272481
0,11,26,1,10,2,-2.270345181333255
0,11,26,1,10,3,-1.765485861082046
0,11,26,1,10,4,-2.274712373727256
0,11,26,1,10,5,-2.067189067107754
0,11,26,1,10,6,-1.8526096156646426
0,11,26,1,10,7,-1.966879549605589
0,11,26,1,10,8,-1.925970232799823
0,11,26,1,10,9,-1.8904461275555349
0,11,26,1,10,10,-1.969578358744176
0,11,26,1,10,11,-1.8782628001877297
0,11,26,1,10,12,-2.119876951164368
0,11,26,1,10,13,-1.550842972709714
0,11,26,1,10,14,-1.872091671201304
0,11,26,1,10,15,-2.121083971200534
0,11,26,1,10,16,-1.6954427030599302
0,11,26,1,10,17,-1.9826036400489058
0,11,26,2,18,0,-0.1968161900089545
0,11,26,2,18,1,-0.16001489277159348
0,11,26,2,18,2,-0.1867324626504136
0,11,26,2,18,3,-0.2536889002479042
0,11,26,2,18,4,-0.5930821884547566
0,11,26,2,18,5,-0.37086043259988927
0,11,26,2,18,6,-0.16281359436553716
1,10,0,2,18,0,-1.5221882337374515
1,10,0,2,18,1,-1.3529483971492882
1,10,0,2,18,2,-1.1750035051300984
1,10,0,2,18,3,-1.1362063269885523
1,10,0,2,18,4,-1.2095983120194869
1,10,0,2,18,5,-1.2316845804583956
1,10,0,2,18,6,-1.559192769065068
1,10,1,2,18,0,-1.7106595718627968
1,10,1,2,18,1,-1.5361923599246978
1,10,1,2,18,2,-1.354778547838631
1,10,1,2,18,3,-1.3135260515556597
1,10,1,2,18,4,-1.3881632189906021
1,10,1,2,18,5,-1.3936924239432722
1,10,1,2,18,6,-1.6934326992052036
1,10,2,2,18,0,-1.5443695092797398
1,10,2,2,18,1,-1.3808884048899346
1,10,2,2,18,2,-1.1934847053428066
1,10,2,2,18,3,-1.1456227743527196
1,10,2,2,18,4,-1.179031891279306
1,10,2,2,18,5,-1.2329586950705886
1,10,2,2,18,6,-1.5695055526666906
1,10,3,2,18,0,-1.6196767574448288
1,10,3,2,18,1,-1.4442442076097386
1,10,3,2,18,2,-1.2685995005266717
1,10,3,2,18,3,-1.2338294670401408
1,10,3,2,18,4,-1.3374904535532837
1,10,3,2,18,5,-1.3274175435761641
1,10,3,2,18,6,-1.6298707134355457
1,10,4,2,18,0,-1.6466669770620657
1,10,4,2,18,1,-1.479312397367564
1,10,4,2,18,2,-1.2896817187406722
1,10,4,2,18,3,-1.2410648956126096
1,10,4,2,18,4,-1.280718198771995
1,10,4,2,18,5,-1.3210509643595012
1,10,4,2,18,6,-1.6439170283171132
1,10,5,2,18,0,-1.5013895099397185
1,10,5,2,18,1,-1.337115736959852
1,10,5,2,18,2,-1.1548957437832952
1,10,5,2,18,3,-1.1107669785353051
1,10,5,2,18,4,-1.1550858827246016
1,10,5,2,18,5,-1.2030184415889078
1,10,5,2,18,6,-1.5415132683906378
1,10,6,2,18,0,-2.046157546997508
1,10,6,2,18,1,-1.887666804213878
1,10,6,2,18,2,-1.7219310308118012
1,10,6,2,18,3,-1.6816125471096766
1,10,6,2,18,4,-1.7615432682678396
1,10,6,2,18,5,-1.771624130225523
1,10,6,2,18,6,-2.0491970806254045
1,10,7,2,18,0,-1.4804466820275106
1,10,7,2,18,1,-1.296573340292884
1,10,7,2,18,2,-1.1317417378120247
1,10,7,2,18,3,-1.0969075909894728
1,10,7,2,18,4,-1.1725925460088016
1,10,7,2,18,5,-1.1897579905784168
1,10,7,2,18,6,-1.523131087633593
1,10,8,2,18,0,-1.4513158354508597
1,10,8,2,18,1,-1.3452040729926251
1,10,8,2,18,2,-1.2513361348050638
1,10,8,2,18,3,-1.2201634903642415
1,10,8,2,18,4,-1.281252472096221
1,10,8,2,18,5,-1.3364389556136782
1,10,8,2,18,6,-1.6060816815746435
1,10,9,2,18,0,-1.679935813137864
1,10,9,2,18,1,-1.447542111302707
1,10,9,2,18,2,-1.226805264240324
1,10,9,2,18,3,-1.1864721159346483
1,10,9,2,18,4,-1.2745909049119764
1,10,9,2,18,5,-1.2640969002671865
1,10,9,2,18,6,-1.6003991523137104
1,10,10,2,18,0,-1.411355637316765
1,10,10,2,18,1,-1.2844924303525298
1,10,10,2,18,2,-1.1726283540803735
1,10,10,2,18,3,-1.1413045787087515
1,10,10,2,18,4,-1.206048801548497
1,10,10,2,18,5,-1.2527826983984465
1,10,10,2,18,6,-1.5481068890948215
1,10,11,2,18,0,-1.6733065648325134
1,10,11,2,18,1,-1.5622963398631686
1,10,11,2,18,2,-1.4564163240825527
1,10,11,2,18,3,-1.4218683852507983
1,10,11,2,18,4,-1.486929629964283
1,10,11,2,18,5,-1.5298958052985654
1,10,11,2,18,6,-1.7877713755960452
1,10,12,2,18,0,-1.407812063754505
1,10,12,2,18,1,-1.2171077900788805
1,10,12,2,18,2,-1.0049289400328
1,10,12,2,18,3,-0.9625041149958808
1,10,12,2,18,4,-1.037763486449001
1,10,12,2,18,5,-1.046334956339256
1,10,12,2,18,6,-1.3645372540781961
1,10,13,2,18,0,-1.3615768662757106
1,10,13,2,18,1,-1.1945962434127355
1,10,13,2,18,2,-1.0100594221037924
1,10,13,2,18,3,-0.9734809639096969
1,10,13,2,18,4,-1.0575824871469304
1,10,13,2,18,5,-1.0722489541821982
1,10,13,2,18,6,-1.357135076369473
1,10,14,2,18,0,-1.3812616350127467
1,10,14,2,18,1,-1.2204421720425755
1,10,14,2,18,2,-1.0274279903151813
1,10,14,2,18,3,-0.9854937306744653
1,10,14,2,18,4,-1.048862276328268
1,10,14,2,18,5,-1.0855152869921492
1,10,14,2,18,6,-1.3572631749454347
1,10,15,2,18,0,-1.3839488979376546
1,10,15,2,18,1,-1.2004173748444176
1,10,15,2,18,2,-1.0039047036155626
1,10,15,2,18,3,-0.9658688060259251
1,10,15,2,18,4,-1.053156163573914
1,10,15,2,18,5,-1.053176776804094
1,10,15,2,18,6,-1.3687318595403557
1,10,16,2,18,0,-1.3590024808197199
1,10,16,2,18,1,-1.2004776854573165
1,10,16,2,18,2,-1.0167731228036985
1,10,16,2,18,3,-0.9781042444334482
1,10,16,2,18,4,-1.04944662234217
1,10,16,2,18,5,-1.0808534747884773
1,10,16,2,18,6,-1.3490837866828116
1,10,17,2,18,0,-1.409482356845615
1,10,17,2,18,1,-1.2344397958999895
1,10,17,2,18,2,-1.0258201153978495
1,10,17,2,18,3,-0.981724801320039
1,10,17,2,18,4,-1.0463424527728455
1,10,17,2,18,5,-1.0743313210796583
1,10,17,2,18,6,-1.3659218486490472
