1,2,3,4,5,6,7,8,9,10,11,12,13,14,15,16,17,18,19,20,21,22,23,24,25,26,27,27A,27B,27C,27D,27E,27F,28,29,30,31,32,33,34,35,36,37,38,39,40,41,42,43,44,45,46,47,48,49,50,51,52,53,54,55,56,57,58,59,60,61,62,63,64,65,66,67,68,69,70,71,72,73,74,75,76,77,78,79,80,81,82,83,84,85,86,87,88,89,90,91,92,93,94,95,95A
D,I,Q,M,T,Q,S,P,S,S,L,S,A,S,V,G,D,R,V,T,I,T,C,Q,A,S,Q,-,-,-,-,-,-,D,I,S,N,Y,L,N,W,Y,Q,Q,K,P,G,K,A,P,K,L,L,I,Y,D,A,S,N,L,E,T,G,V,P,S,R,F,S,G,S,G,S,G,T,D,F,T,F,T,I,S,S,L,Q,P,E,D,I,A,T,Y,Y,C,Q,Q,Y,D,N,L,P,-
D,I,Q,M,T,Q,S,P,S,S,L,S,A,S,V,G,D,R,V,T,I,T,C,R,A,S,Q,-,-,-,-,-,-,G,I,R,N,D,L,G,W,Y,Q,Q,K,P,G,K,A,P,K,R,L,I,Y,A,A,S,S,L,Q,S,G,V,P,S,R,F,S,G,S,G,S,G,T,E,F,T,L,T,I,S,S,L,Q,P,E,D,F,A,T,Y,Y,C,L,Q,H,N,S,Y,P,-
D,I,Q,M,T,Q,S,P,S,S,L,S,A,S,V,G,D,R,V,T,I,T,C,R,A,S,Q,-,-,-,-,-,-,G,I,S,N,Y,L,A,W,F,Q,Q,K,P,G,K,A,P,K,S,L,I,Y,A,A,S,S,L,Q,S,G,V,P,S,R,F,S,G,S,G,S,G,T,D,F,T,L,T,I,S,S,L,Q,P,E,D,F,A,T,Y,Y,C,Q,Q,Y,N,S,Y,P,-
A,I,Q,L,T,Q,S,P,S,S,L,S,A,S,V,G,D,R,V,T,I,T,C,R,A,S,Q,-,-,-,-,-,-,G,I,S,S,A,L,A,W,Y,Q,Q,K,P,G,K,A,P,K,L,L,I,Y,D,A,S,S,L,E,S,G,V,P,S,R,F,S,G,S,G,S,G,T,D,F,T,L,T,I,S,S,L,Q,P,E,D,F,A,T,Y,Y,C,Q,Q,F,N,S,Y,P,-
A,I,Q,L,T,Q,S,P,S,S,L,S,A,S,V,G,D,R,V,T,I,T,C,R,A,S,Q,-,-,-,-,-,-,G,I,S,S,A,L,A,W,Y,Q,Q,K,P,G,K,A,P,K,L,L,I,Y,D,A,S,S,L,E,S,G,V,P,S,R,F,S,G,S,G,S,G,T,D,F,T,L,T,I,S,S,L,Q,P,E,D,F,A,T,Y,Y,C,Q,Q,F,N,S,Y,P,-
A,I,R,M,T,Q,S,P,S,S,F,S,A,S,T,G,D,R,V,T,I,T,C,R,A,S,Q,-,-,-,-,-,-,G,I,S,S,Y,L,A,W,Y,Q,Q,K,P,G,K,A,P,K,L,L,I,Y,A,A,S,T,L,Q,S,G,V,P,S,R,F,S,G,S,G,S,G,T,D,F,T,L,T,I,S,C,L,Q,S,E,D,F,A,T,Y,Y,C,Q,Q,Y,Y,S,Y,P,-
A,I,Q,M,T,Q,S,P,S,S,L,S,A,S,V,G,D,R,V,T,I,T,C,R,A,S,Q,-,-,-,-,-,-,G,I,R,N,D,L,G,W,Y,Q,Q,K,P,G,K,A,P,K,L,L,I,Y,A,A,S,S,L,Q,S,G,V,P,S,R,F,S,G,S,G,S,G,T,D,F,T,L,T,I,S,S,L,Q,P,E,D,F,A,T,Y,Y,C,L,Q,D,Y,N,Y,P,-
D,V,V,M,T,Q,S,P,L,S,L,P,V,T,L,G,Q,P,A,S,I,S,C,R,S,S,Q,S,L,V,Y,S,-,D,G,N,T,Y,L,N,W,F,Q,Q,R,P,G,Q,S,P,R,R,L,I,Y,K,V,S,N,R,D,S,G,V,P,D,R,F,S,G,S,G,S,G,T,D,F,T,L,K,I,S,R,V,E,A,E,D,V,G,V,Y,Y,C,M,Q,G,T,H,W,P,-
D,I,V,M,T,Q,T,P,L,S,L,S,V,T,P,G,Q,P,A,S,I,S,C,K,S,S,Q,S,L,L,H,S,-,D,G,K,T,Y,L,Y,W,Y,L,Q,K,P,G,Q,S,P,Q,L,L,I,Y,E,V,S,S,R,F,S,G,V,P,D,R,F,S,G,S,G,S,G,T,D,F,T,L,K,I,S,R,V,E,A,E,D,V,G,V,Y,Y,C,M,Q,G,I,H,L,P,-
D,I,V,M,T,Q,S,P,L,S,L,P,V,T,P,G,E,P,A,S,I,S,C,R,S,S,Q,S,L,L,H,S,-,N,G,Y,N,Y,L,D,W,Y,L,Q,K,P,G,Q,S,P,Q,L,L,I,Y,L,G,S,N,R,A,S,G,V,P,D,R,F,S,G,S,G,S,G,T,D,F,T,L,K,I,S,R,V,E,A,E,D,V,G,V,Y,Y,C,M,Q,A,L,Q,T,P,-
D,I,V,M,T,Q,T,P,L,S,S,P,V,T,L,G,Q,P,A,S,I,S,C,R,S,S,Q,S,L,V,H,S,-,D,G,N,T,Y,L,S,W,L,Q,Q,R,P,G,Q,P,P,R,L,L,I,Y,K,I,S,N,R,F,S,G,V,P,D,R,F,S,G,S,G,A,G,T,D,F,T,L,K,I,S,R,V,E,A,E,D,V,G,V,Y,Y,C,M,Q,A,T,Q,F,P,-
E,I,V,M,T,Q,S,P,A,T,L,S,V,S,P,G,E,R,A,T,L,S,C,R,A,S,Q,-,-,-,-,-,-,S,V,S,S,N,L,A,W,Y,Q,Q,K,P,G,Q,A,P,R,L,L,I,Y,G,A,S,T,R,A,T,G,I,P,A,R,F,S,G,S,G,S,G,T,E,F,T,L,T,I,S,S,L,Q,S,E,D,F,A,V,Y,Y,C,Q,Q,Y,N,N,W,P,-
E,I,V,L,T,Q,S,P,A,T,L,S,L,S,P,G,E,R,A,T,L,S,C,R,A,S,Q,-,-,-,-,-,-,S,V,S,S,Y,L,A,W,Y,Q,Q,K,P,G,Q,A,P,R,L,L,I,Y,D,A,S,N,R,A,T,G,I,P,A,R,F,S,G,S,G,S,G,T,D,F,T,L,T,I,S,S,L,E,P,E,D,F,A,V,Y,Y,C,Q,Q,R,S,N,W,P,-
E,I,V,L,T,Q,S,P,D,F,Q,S,V,T,P,K,E,K,V,T,I,T,C,R,A,S,Q,-,-,-,-,-,-,S,I,G,S,S,L,H,W,Y,Q,Q,K,P,D,Q,S,P,K,L,L,I,K,Y,A,S,Q,S,F,S,G,V,P,S,R,F,S,G,S,G,S,G,T,D,F,T,L,T,I,N,S,L,E,A,E,D,A,A,T,Y,Y,C,H,Q,S,S,S,L,P,-
E,I,V,L,T,Q,S,P,D,F,Q,S,V,T,P,K,E,K,V,T,I,T,C,R,A,S,Q,-,-,-,-,-,-,S,I,G,S,S,L,H,W,Y,Q,Q,K,P,D,Q,S,P,K,L,L,I,K,Y,A,S,Q,S,F,S,G,V,P,S,R,F,S,G,S,G,S,G,T,D,F,T,L,T,I,N,S,L,E,A,E,D,A,A,T,Y,Y,C,H,Q,S,S,S,L,P,-
D,V,V,M,T,Q,S,P,A,F,L,S,V,T,P,G,E,K,V,T,I,T,C,Q,A,S,E,-,-,-,-,-,-,G,I,G,N,Y,L,Y,W,Y,Q,Q,K,P,D,Q,A,P,K,L,L,I,K,Y,A,S,Q,S,I,S,G,V,P,S,R,F,S,G,S,G,S,G,T,D,F,T,F,T,I,S,S,L,E,A,E,D,A,A,T,Y,Y,C,Q,Q,G,N,K,H,P,-
D,I,Q,M,T,Q,S,P,S,S,L,S,A,S,V,G,D,R,V,T,I,T,C,R,A,S,Q,-,-,-,-,-,-,G,I,S,N,Y,L,A,W,F,Q,Q,K,P,G,K,A,P,K,S,L,I,Y,A,A,S,S,L,Q,S,G,V,P,S,R,F,S,G,S,G,S,G,T,D,F,T,L,T,I,S,S,L,Q,P,E,D,F,A,T,Y,Y,C,Q,Q,Y,N,S,Y,-,-
D,I,V,M,T,Q,T,P,L,S,L,S,V,T,P,G,Q,P,A,S,I,S,C,K,S,S,Q,S,L,L,H,S,-,D,G,K,T,Y,L,Y,W,Y,L,Q,K,P,G,Q,S,P,Q,L,L,I,Y,E,V,S,S,R,F,S,G,V,P,D,R,F,S,G,S,G,S,G,T,D,F,T,L,K,I,S,R,V,E,A,E,D,V,G,V,Y,Y,C,M,Q,G,I,H,L,-,-
D,I,V,L,T,Q,S,P,A,S,L,A,V,S,P,G,Q,R,A,T,I,T,C,R,A,S,E,S,V,S,F,-,-,L,G,I,N,L,I,H,W,Y,Q,Q,K,P,G,Q,P,P,K,L,L,I,Y,Q,A,S,N,K,D,T,G,V,P,A,R,F,S,G,S,G,S,G,T,D,F,T,L,T,I,N,P,V,E,A,N,D,T,A,N,Y,Y,C,L,Q,S,K,N,F,-,-
A,I,R,M,T,Q,S,P,S,S,F,S,A,S,T,G,D,R,V,T,I,T,C,R,A,S,Q,-,-,-,-,-,-,G,I,S,S,Y,L,A,W,Y,Q,Q,K,P,G,K,A,P,K,L,L,I,Y,A,A,S,T,L,Q,S,G,V,P,S,R,F,S,G,S,G,S,G,T,D,F,T,L,T,I,S,C,L,Q,S,E,D,F,A,T,Y,Y,C,Q,Q,Y,Y,S,Y,-,-
D,I,Q,M,T,Q,S,P,S,S,L,S,A,S,V,G,D,R,V,T,I,T,C,R,A,S,Q,-,-,-,-,-,-,G,I,S,N,Y,L,A,W,F,Q,Q,K,P,G,K,A,P,K,S,L,I,Y,A,A,S,S,L,Q,S,G,V,P,S,K,F,S,G,S,G,S,G,T,D,F,T,L,T,I,S,S,L,Q,P,E,D,F,A,T,Y,Y,C,Q,Q,Y,N,S,Y,-,-
D,I,V,M,T,Q,P,P,L,S,L,P,V,T,P,G,E,P,A,S,I,S,C,R,S,S,Q,S,L,L,H,S,-,N,G,Y,N,Y,L,D,W,Y,L,Q,K,P,G,Q,S,P,Q,L,L,I,Y,L,G,S,N,R,A,S,G,V,P,D,R,F,S,G,S,G,S,G,T,D,F,T,L,K,I,S,R,V,E,A,E,D,V,G,V,Y,Y,C,M,Q,A,L,Q,T,-,-
A,I,Q,L,T,Q,S,P,S,S,L,S,A,S,V,G,D,R,V,T,I,T,C,R,A,S,Q,-,-,-,-,-,-,G,I,S,S,A,L,A,W,Y,Q,Q,K,P,G,K,A,P,K,L,L,I,Y,D,A,S,S,L,E,S,G,V,P,S,R,F,S,G,S,G,S,G,T,D,F,T,L,T,I,S,S,L,Q,P,E,D,F,A,T,Y,Y,C,Q,Q,F,N,N,Y,-,-
E,I,V,L,T,Q,S,P,A,T,L,S,L,S,P,G,E,R,A,T,L,S,C,R,A,S,Q,-,-,-,-,-,-,S,V,S,S,Y,L,A,W,Y,Q,Q,K,P,G,Q,A,P,R,L,L,I,Y,D,A,S,N,R,A,T,G,I,P,A,R,F,S,G,S,G,P,G,T,D,F,T,L,T,I,S,S,L,E,P,E,D,F,A,V,Y,Y,C,Q,Q,R,S,N,W,-,-
D,I,Q,M,T,Q,S,P,S,S,V,S,A,S,V,G,D,R,V,T,I,T,C,R,A,S,Q,-,-,-,-,-,-,G,I,S,S,W,L,A,W,Y,Q,Q,K,P,G,K,A,P,K,L,L,I,Y,A,A,S,S,L,Q,S,G,V,P,S,R,F,S,G,S,G,S,G,T,D,F,T,L,T,I,S,S,L,Q,P,E,D,F,A,T,Y,Y,C,Q,Q,A,N,S,F,P,P
D,I,Q,M,T,Q,S,P,S,S,V,S,A,S,V,G,D,R,V,T,I,T,C,R,A,S,Q,-,-,-,-,-,-,G,I,S,S,W,L,A,W,Y,Q,Q,K,P,G,K,A,P,K,L,L,I,Y,A,A,S,S,L,Q,S,G,V,P,S,R,F,S,G,S,G,S,G,T,D,F,T,L,T,I,S,S,L,Q,P,E,D,F,A,T,Y,Y,C,Q,Q,A,N,S,F,P,S
D,I,Q,M,T,Q,S,P,S,S,L,S,A,S,V,G,D,R,V,T,I,T,C,R,A,S,Q,-,-,-,-,-,-,G,I,S,N,Y,L,A,W,F,Q,Q,K,P,G,K,A,P,K,S,L,I,Y,A,A,S,S,L,Q,S,G,V,P,S,R,F,S,G,S,G,S,G,T,D,F,T,L,T,I,S,S,L,Q,P,E,D,F,A,T,Y,Y,C,Q,Q,Y,N,S,Y,P,P
D,I,Q,M,T,Q,S,P,S,S,L,S,A,S,V,G,D,R,V,T,I,T,C,R,A,S,Q,-,-,-,-,-,-,G,I,S,N,Y,L,A,W,F,Q,Q,K,P,G,K,A,P,K,S,L,I,Y,A,A,S,S,L,Q,S,G,V,P,S,K,F,S,G,S,G,S,G,T,D,F,T,L,T,I,S,S,L,Q,P,E,D,F,A,T,Y,Y,C,Q,Q,Y,N,S,Y,P,P
D,I,Q,M,T,Q,S,P,S,S,L,S,A,S,V,G,D,R,V,T,I,T,C,R,A,S,Q,-,-,-,-,-,-,G,I,R,N,D,L,G,W,Y,Q,Q,K,P,G,K,A,P,K,R,L,I,Y,A,A,S,S,L,Q,S,G,V,P,S,R,F,S,G,S,G,S,G,T,E,F,T,L,T,I,S,S,L,Q,P,E,D,F,A,T,Y,Y,C,L,Q,H,N,S,Y,P,P
D,I,Q,M,T,Q,S,P,S,S,L,S,A,S,V,G,D,R,V,T,I,T,C,R,A,S,Q,-,-,-,-,-,-,G,I,R,N,D,L,G,W,Y,Q,Q,K,P,G,K,A,P,K,R,L,I,Y,A,A,S,S,L,Q,S,G,V,P,S,R,F,S,G,S,G,S,G,T,E,F,T,L,T,I,S,N,L,Q,P,E,D,F,A,T,Y,Y,C,L,Q,H,N,S,Y,P,P
D,I,Q,M,T,Q,S,P,S,S,L,S,A,S,V,G,D,R,V,T,I,T,C,R,A,S,Q,-,-,-,-,-,-,G,I,S,N,Y,L,A,W,Y,Q,Q,K,P,G,K,V,P,K,L,L,I,Y,A,A,S,T,L,Q,S,G,V,P,S,R,F,S,G,S,G,S,G,T,D,F,T,L,T,I,S,S,L,Q,P,E,D,V,A,T,Y,Y,C,Q,K,Y,N,S,A,P,P
D,I,Q,M,T,Q,S,P,S,S,L,S,A,S,V,G,D,R,V,T,I,T,C,Q,A,S,Q,-,-,-,-,-,-,D,I,S,N,Y,L,N,W,Y,Q,Q,K,P,G,K,A,P,K,L,L,I,Y,D,A,S,N,L,E,T,G,V,P,S,R,F,S,G,S,G,S,G,T,D,F,T,F,T,I,S,S,L,Q,P,E,D,I,A,T,Y,Y,C,Q,Q,Y,D,N,L,P,P
D,I,Q,M,T,Q,S,P,S,S,L,S,A,S,V,G,D,R,V,T,I,T,C,R,A,S,Q,-,-,-,-,-,-,S,I,S,S,Y,L,N,W,Y,Q,Q,K,P,G,K,A,P,K,L,L,I,Y,A,A,S,S,L,Q,S,G,V,P,S,R,F,S,G,S,G,S,G,T,D,F,T,L,T,I,S,S,L,Q,P,E,D,F,A,T,Y,Y,C,Q,Q,S,Y,S,T,P,P
D,I,Q,M,T,Q,S,P,S,T,L,S,A,S,V,G,D,R,V,T,I,T,C,R,A,S,Q,-,-,-,-,-,-,S,I,S,S,W,L,A,W,Y,Q,Q,K,P,G,K,A,P,K,L,L,I,Y,D,A,S,S,L,E,S,G,V,P,S,R,F,S,G,S,G,S,G,T,E,F,T,L,T,I,S,S,L,Q,P,D,D,F,A,T,Y,Y,C,Q,Q,Y,N,S,Y,S,P
D,I,Q,M,T,Q,S,P,S,T,L,S,A,S,V,G,D,R,V,T,I,I,C,R,A,S,Q,-,-,-,-,-,-,S,I,S,S,W,L,A,W,Y,Q,Q,K,P,G,K,A,P,K,L,L,I,Y,D,A,S,S,L,E,S,G,V,P,S,R,F,S,G,S,G,S,G,T,E,F,T,L,T,I,S,S,L,Q,P,D,D,F,A,T,Y,Y,C,Q,Q,Y,N,S,Y,S,P
D,I,Q,M,T,Q,S,P,S,T,L,S,A,S,V,G,D,R,V,T,I,T,C,R,A,S,Q,-,-,-,-,-,-,S,I,S,S,W,L,A,W,Y,Q,Q,K,P,G,K,A,P,K,L,L,I,Y,K,A,S,S,L,E,S,G,V,P,S,R,F,S,G,S,G,S,G,T,E,F,T,L,T,I,S,S,L,Q,P,D,D,F,A,T,Y,Y,C,Q,Q,Y,N,S,Y,S,P
A,I,Q,M,T,Q,S,P,S,S,L,S,A,S,V,G,D,R,V,T,I,T,C,R,A,S,Q,-,-,-,-,-,-,G,I,R,N,D,L,G,W,Y,Q,Q,K,P,G,K,A,P,K,L,L,I,Y,A,A,S,S,L,Q,S,G,V,P,S,R,F,S,G,S,G,S,G,T,D,F,T,L,T,I,S,S,L,Q,P,E,D,F,A,T,Y,Y,C,L,Q,D,Y,N,Y,P,P
A,I,R,M,T,Q,S,P,S,S,F,S,A,S,T,G,D,R,V,T,I,T,C,R,A,S,Q,-,-,-,-,-,-,G,I,S,S,Y,L,A,W,Y,Q,Q,K,P,G,K,A,P,K,L,L,I,Y,A,A,S,T,L,Q,S,G,V,P,S,R,F,S,G,S,G,S,G,T,D,F,T,L,T,I,S,C,L,Q,S,E,D,F,A,T,Y,Y,C,Q,Q,Y,Y,S,Y,P,P
D,I,Q,L,T,Q,S,P,S,F,L,S,A,S,V,G,D,R,V,T,I,T,C,R,A,S,Q,-,-,-,-,-,-,G,I,S,S,Y,L,A,W,Y,Q,Q,K,P,G,K,A,P,K,L,L,I,Y,A,A,S,T,L,Q,S,G,V,P,S,R,F,S,G,S,G,S,G,T,E,F,T,L,T,I,S,S,L,Q,P,E,D,F,A,T,Y,Y,C,Q,Q,L,N,S,Y,P,P
D,I,Q,M,T,Q,S,P,S,S,L,S,A,S,V,G,D,R,V,T,I,T,C,R,A,S,Q,-,-,-,-,-,-,G,I,S,N,S,L,A,W,Y,Q,Q,K,P,G,K,A,P,K,L,L,L,Y,A,A,S,R,L,E,S,G,V,P,S,R,F,S,G,S,G,S,G,T,D,Y,T,L,T,I,S,S,L,Q,P,E,D,F,A,T,Y,Y,C,Q,Q,Y,Y,S,T,P,P
D,I,Q,M,T,Q,S,P,S,S,L,S,A,S,V,G,D,R,V,T,I,T,C,R,A,S,Q,-,-,-,-,-,-,G,I,S,N,N,L,N,W,Y,Q,Q,K,P,G,K,T,P,K,L,L,I,Y,A,A,P,S,L,Q,S,G,I,P,S,R,F,S,D,S,G,S,G,A,D,Y,T,L,T,I,R,S,L,Q,P,E,D,F,A,T,Y,Y,C,Q,Q,S,D,S,T,P,P
D,I,Q,V,T,Q,S,P,S,S,L,S,A,S,V,G,D,R,V,T,I,T,C,R,A,S,Q,-,-,-,-,-,-,G,I,S,N,G,L,S,W,Y,Q,Q,K,P,G,Q,A,P,T,L,L,I,Y,A,A,S,S,L,Q,S,G,V,P,S,R,F,S,G,S,G,S,G,T,D,F,T,L,T,I,S,S,L,Q,P,E,D,V,A,T,Y,Y,C,L,Q,D,Y,T,T,P,-
D,I,Q,M,T,Q,S,P,S,S,V,S,A,S,V,G,D,R,V,T,I,T,C,R,A,S,Q,-,-,-,-,-,-,G,I,S,S,W,L,A,W,Y,Q,Q,K,P,G,K,A,P,K,L,L,I,Y,A,A,S,S,L,Q,S,G,V,P,S,R,F,S,G,S,G,S,G,T,D,F,T,L,T,I,S,S,L,Q,P,E,D,F,A,T,Y,Y,C,Q,Q,A,N,S,F,P,P
A,I,Q,L,T,Q,S,P,S,S,L,S,A,S,V,G,D,R,V,T,I,T,C,R,A,S,Q,-,-,-,-,-,-,G,I,S,S,A,L,A,W,Y,Q,Q,K,P,G,K,A,P,K,L,L,I,Y,D,A,S,S,L,E,S,G,V,P,S,R,F,S,G,S,G,S,G,T,D,F,T,L,T,I,S,S,L,Q,P,E,D,F,A,T,Y,Y,C,Q,Q,F,N,N,Y,P,-
D,I,Q,M,T,Q,S,P,S,S,L,S,A,S,V,G,D,R,V,T,I,T,C,R,A,S,Q,-,-,-,-,-,-,G,I,S,S,W,L,A,W,Y,Q,Q,K,P,E,K,A,P,K,S,L,I,Y,A,A,S,S,L,Q,S,G,V,P,S,R,F,S,G,S,G,S,G,T,D,F,T,L,T,I,S,S,L,Q,P,E,D,F,A,T,Y,Y,C,Q,Q,Y,N,S,Y,P,P
D,I,Q,M,T,Q,S,P,S,S,L,S,A,S,V,G,D,R,V,T,I,T,C,R,A,R,Q,-,-,-,-,-,-,G,I,S,S,W,L,A,W,Y,Q,Q,K,P,E,K,A,P,K,S,L,I,Y,A,A,S,S,L,Q,S,G,V,P,S,R,F,S,G,S,G,S,G,T,D,F,T,L,T,I,S,S,L,Q,P,E,D,F,A,T,Y,Y,C,Q,Q,Y,N,S,Y,P,P
N,I,Q,M,T,Q,S,P,S,A,M,S,A,S,V,G,D,R,V,T,I,T,C,R,A,R,Q,-,-,-,-,-,-,G,I,S,N,Y,L,A,W,F,Q,Q,K,P,G,K,V,P,K,H,L,I,Y,A,A,S,S,L,Q,S,G,V,P,S,R,F,S,G,S,G,S,G,T,E,F,T,L,T,I,S,S,L,Q,P,E,D,F,A,T,Y,Y,C,L,Q,H,N,S,Y,P,P
D,I,Q,M,T,Q,S,P,S,A,M,S,A,S,V,G,D,R,V,T,I,T,C,R,A,S,Q,-,-,-,-,-,-,G,I,S,N,Y,L,A,W,F,Q,Q,K,P,G,K,V,P,K,R,L,I,Y,A,A,S,S,L,Q,S,G,V,P,S,R,F,S,G,S,G,S,G,T,E,F,T,L,T,I,S,S,L,Q,P,E,D,F,A,T,Y,Y,C,L,Q,H,N,S,Y,P,P
D,I,Q,M,I,Q,S,P,S,F,L,S,A,S,V,G,D,R,V,S,I,I,C,W,A,S,E,-,-,-,-,-,-,G,I,S,S,N,L,A,W,Y,L,Q,K,P,G,K,S,P,K,L,F,L,Y,D,A,K,D,L,H,P,G,V,S,S,R,F,S,G,R,G,S,G,T,D,F,T,L,T,I,I,S,L,K,P,E,D,F,A,A,Y,Y,C,K,Q,D,F,S,Y,P,P
A,I,R,M,T,Q,S,P,F,S,L,S,A,S,V,G,D,R,V,T,I,T,C,W,A,S,Q,-,-,-,-,-,-,G,I,S,S,Y,L,A,W,Y,Q,Q,K,P,A,K,A,P,K,L,F,I,Y,Y,A,S,S,L,Q,S,G,V,P,S,R,F,S,G,S,G,S,G,T,D,Y,T,L,T,I,S,S,L,Q,P,E,D,F,A,T,Y,Y,C,Q,Q,Y,Y,S,T,P,P
V,I,W,M,T,Q,S,P,S,L,L,S,A,S,T,G,D,R,V,T,I,S,C,R,M,S,Q,-,-,-,-,-,-,G,I,S,S,Y,L,A,W,Y,Q,Q,K,P,G,K,A,P,E,L,L,I,Y,A,A,S,T,L,Q,S,G,V,P,S,R,F,S,G,S,G,S,G,T,D,F,T,L,T,I,S,C,L,Q,S,E,D,F,A,T,Y,Y,C,Q,Q,Y,Y,S,F,P,P
D,I,V,M,T,Q,T,P,L,S,S,P,V,T,L,G,Q,P,A,S,I,S,C,R,S,S,Q,S,L,V,H,S,-,D,G,N,T,Y,L,S,W,L,Q,Q,R,P,G,Q,P,P,R,L,L,I,Y,K,I,S,N,R,F,S,G,V,P,D,R,F,S,G,S,G,A,G,T,D,F,T,L,K,I,S,R,V,E,A,E,D,V,G,V,Y,Y,C,M,Q,A,T,Q,F,P,-
D,I,V,M,T,Q,S,P,L,S,L,P,V,T,P,G,E,P,A,S,I,S,C,R,S,S,Q,S,L,L,H,S,-,N,G,Y,N,Y,L,D,W,Y,L,Q,K,P,G,Q,S,P,Q,L,L,I,Y,L,G,S,N,R,A,S,G,V,P,D,R,F,S,G,S,G,S,G,T,D,F,T,L,K,I,S,R,V,E,A,E,D,V,G,V,Y,Y,C,M,Q,A,L,Q,T,P,P
D,I,V,M,T,Q,T,P,L,S,L,S,V,T,P,G,Q,P,A,S,I,S,C,K,S,S,Q,S,L,L,H,S,-,D,G,K,T,Y,L,Y,W,Y,L,Q,K,P,G,Q,S,P,Q,L,L,I,Y,E,V,S,S,R,F,S,G,V,P,D,R,F,S,G,S,G,S,G,T,D,F,T,L,K,I,S,R,V,E,A,E,D,V,G,V,Y,Y,C,M,Q,G,I,H,L,P,P
D,V,V,M,T,Q,S,P,L,S,L,P,V,T,L,G,Q,P,A,S,I,S,C,R,S,S,Q,S,L,V,Y,S,-,D,G,N,T,Y,L,N,W,F,Q,Q,R,P,G,Q,S,P,R,R,L,I,Y,K,V,S,N,R,D,S,G,V,P,D,R,F,S,G,S,G,S,G,T,D,F,T,L,K,I,S,R,V,E,A,E,D,V,G,V,Y,Y,C,M,Q,G,T,H,W,P,P
D,V,V,M,T,Q,S,P,L,S,L,P,V,T,L,G,Q,P,A,S,I,S,C,R,S,S,Q,S,L,V,H,S,-,D,G,N,T,Y,L,N,W,F,Q,Q,R,P,G,Q,S,P,R,R,L,I,Y,K,V,S,N,R,D,S,G,V,P,D,R,F,S,G,S,G,S,G,T,D,F,T,L,K,I,S,R,V,E,A,E,D,V,G,V,Y,Y,C,M,Q,G,T,H,W,P,P
D,I,V,M,T,Q,T,P,L,S,L,P,V,T,P,G,E,P,A,S,I,S,C,R,S,S,Q,S,L,L,D,S,D,D,G,N,T,Y,L,D,W,Y,L,Q,K,P,G,Q,S,P,Q,L,L,I,Y,T,L,S,Y,R,A,S,G,V,P,D,R,F,S,G,S,G,S,G,T,D,F,T,L,K,I,S,R,V,E,A,E,D,V,G,V,Y,Y,C,M,Q,R,I,E,F,P,S
-,-,-,-,-,-,-,-,-,-,-,-,-,-,-,-,-,-,A,S,I,S,C,R,S,S,Q,S,L,L,D,S,D,D,G,N,T,Y,L,D,C,Y,L,Q,K,P,G,Q,S,P,Q,L,L,I,Y,T,L,S,Y,R,A,S,G,V,P,D,R,F,S,D,S,G,S,G,T,D,F,T,L,K,I,S,R,V,E,A,E,D,V,G,V,Y,Y,C,M,Q,R,I,E,F,P,S
D,I,V,M,T,Q,T,P,L,S,S,P,V,T,L,G,Q,P,A,S,I,S,F,R,S,S,Q,S,L,V,H,S,-,D,G,N,T,Y,L,S,W,L,Q,Q,R,P,G,Q,P,P,R,L,L,I,Y,K,V,S,N,R,F,S,G,V,P,D,R,F,S,G,S,G,A,G,T,D,F,T,L,K,I,S,R,V,E,A,E,D,V,G,V,Y,Y,C,T,Q,A,T,Q,F,P,-
E,I,V,M,T,Q,T,P,L,S,L,S,I,T,P,G,E,Q,A,S,I,S,C,R,S,S,Q,S,L,L,H,S,-,D,G,Y,T,Y,L,Y,W,F,L,Q,K,A,R,P,V,S,T,L,L,I,Y,E,V,S,N,R,F,S,G,V,P,D,R,F,S,G,S,G,S,G,T,D,F,T,L,K,I,S,R,V,E,A,E,D,F,G,V,Y,Y,C,M,Q,D,A,Q,D,P,P
E,I,V,M,T,Q,T,P,L,S,L,S,I,T,P,G,E,Q,A,S,M,S,C,R,S,S,Q,S,L,L,H,S,-,D,G,Y,T,Y,L,Y,W,F,L,Q,K,A,R,P,V,S,T,L,L,I,C,E,V,S,N,R,F,S,G,V,P,D,R,F,S,G,S,G,S,G,T,D,F,T,L,K,I,S,R,V,E,A,E,D,F,G,V,Y,Y,C,M,Q,D,A,Q,D,P,-
D,I,V,M,T,Q,T,P,L,S,L,S,V,T,P,G,Q,P,A,S,I,S,C,K,S,S,Q,S,L,L,H,S,-,D,G,K,T,Y,L,Y,W,Y,L,Q,K,P,G,Q,P,P,Q,L,L,I,Y,E,V,S,N,R,F,S,G,V,P,D,R,F,S,G,S,G,S,G,T,D,F,T,L,K,I,S,R,V,E,A,E,D,V,G,V,Y,Y,C,M,Q,S,I,Q,L,P,P
D,I,V,M,T,Q,T,P,L,S,L,S,V,T,P,G,Q,P,A,S,I,S,C,K,S,S,Q,S,L,L,H,S,-,D,G,K,T,Y,L,Y,W,Y,L,Q,K,P,G,Q,S,P,Q,L,L,I,Y,E,V,S,N,R,F,S,G,V,P,D,R,F,S,G,S,G,S,G,T,D,F,T,L,K,I,S,R,V,E,A,E,D,V,G,V,Y,Y,C,M,Q,S,I,Q,L,P,P
D,V,V,M,T,Q,S,P,L,S,L,P,V,T,L,G,Q,P,A,S,I,S,C,R,S,S,Q,S,L,V,Y,S,-,D,G,N,T,Y,L,N,W,F,Q,Q,R,P,G,Q,S,P,R,R,L,I,Y,K,V,S,N,W,D,S,G,V,P,D,R,F,S,G,S,G,S,G,T,D,F,T,L,K,I,S,R,V,E,A,E,D,V,G,V,Y,Y,C,M,Q,G,T,H,W,P,P
E,I,V,L,T,Q,S,P,A,T,L,S,L,S,P,G,E,R,A,T,L,S,C,R,A,S,Q,-,-,-,-,-,-,S,V,S,S,Y,L,A,W,Y,Q,Q,K,P,G,Q,A,P,R,L,L,I,Y,D,A,S,N,R,A,T,G,I,P,A,R,F,S,G,S,G,S,G,T,D,F,T,L,T,I,S,S,L,E,P,E,D,F,A,V,Y,Y,C,Q,Q,R,S,N,W,P,P
E,I,V,L,T,Q,S,P,A,T,L,S,L,S,P,G,E,R,A,T,L,S,C,R,A,S,Q,-,-,-,-,-,-,S,V,S,S,Y,L,A,W,Y,Q,Q,K,P,G,Q,A,P,R,L,L,I,Y,D,A,S,N,R,A,T,G,I,P,A,R,F,S,G,S,G,S,G,R,D,F,T,L,T,I,S,S,L,E,P,E,D,F,A,V,Y,Y,C,Q,Q,R,S,N,W,P,P
E,I,V,M,T,Q,S,P,A,T,L,S,V,S,P,G,E,R,A,T,L,S,C,R,A,S,Q,-,-,-,-,-,-,S,V,S,S,N,L,A,W,Y,Q,Q,K,P,G,Q,A,P,R,L,L,I,Y,G,A,S,T,R,A,T,G,I,P,A,R,F,S,G,S,G,S,G,T,E,F,T,L,T,I,S,S,L,Q,S,E,D,F,A,V,Y,Y,C,Q,Q,Y,N,N,W,P,P
E,I,V,L,T,Q,S,P,G,T,L,S,L,S,P,G,E,R,A,T,L,S,C,R,A,S,Q,S,-,-,-,-,-,V,S,S,S,Y,L,A,W,Y,Q,Q,K,P,G,Q,A,P,R,L,L,I,Y,G,A,S,S,R,A,T,G,I,P,D,R,F,S,G,S,G,S,G,T,D,F,T,L,T,I,S,R,L,E,P,E,D,F,A,V,Y,Y,C,Q,Q,Y,G,S,S,P,P
E,I,V,L,T,Q,S,P,A,T,L,S,L,S,P,G,E,R,A,T,L,S,C,R,A,S,Q,S,-,-,-,-,-,V,S,S,S,Y,L,A,W,Y,Q,Q,K,P,G,Q,A,P,R,L,L,I,Y,G,A,S,S,R,A,T,G,I,P,A,R,F,S,G,S,G,S,G,T,D,F,T,L,T,I,S,R,L,E,P,E,D,F,A,V,Y,Y,C,Q,-,-,-,-,-,-,-
E,I,V,M,T,Q,S,P,P,T,L,S,L,S,P,G,E,R,V,T,L,S,C,R,A,S,Q,S,-,-,-,-,-,V,S,S,S,Y,L,T,W,Y,Q,Q,K,P,G,Q,A,P,R,L,L,I,Y,G,A,S,T,R,A,T,S,I,P,A,R,F,S,G,S,G,S,G,T,D,F,T,L,T,I,S,S,L,Q,P,E,D,F,A,V,Y,Y,C,Q,Q,D,H,N,L,P,P
E,I,V,M,T,Q,S,P,P,T,L,S,L,S,P,G,E,R,V,T,L,S,C,R,A,S,Q,S,-,-,-,-,-,V,S,S,S,Y,L,S,W,Y,Q,Q,K,P,G,Q,A,P,R,L,L,I,Y,G,A,S,T,R,A,T,G,I,P,A,R,F,S,G,S,G,S,G,T,D,F,T,L,T,I,S,S,L,Q,P,E,D,F,A,V,Y,Y,C,Q,Q,D,Y,N,L,P,P
E,I,V,M,T,Q,S,P,P,T,L,S,L,S,P,G,E,R,V,T,L,S,C,R,A,S,Q,S,-,-,-,-,-,V,S,S,S,Y,L,T,W,Y,Q,Q,K,P,G,Q,A,P,R,L,L,I,Y,G,A,S,T,R,A,T,S,I,P,A,R,F,S,G,S,G,S,G,R,D,F,T,L,T,I,S,S,L,Q,P,E,D,F,A,V,Y,Y,C,Q,Q,D,H,N,L,P,P
E,I,V,M,T,Q,S,P,P,T,L,S,L,S,P,G,E,R,V,T,L,S,C,R,A,S,Q,S,-,-,-,-,-,V,S,S,S,Y,L,T,W,Y,Q,Q,K,P,G,Q,A,P,R,L,L,I,Y,G,A,S,T,R,A,T,S,I,P,A,R,F,S,G,S,G,S,G,T,D,F,T,L,T,I,S,S,L,Q,P,E,D,F,A,V,Y,Y,C,Q,Q,D,Y,N,L,P,P
E,I,V,L,T,Q,S,P,A,T,L,S,L,S,P,G,E,R,A,T,L,S,C,R,A,S,Q,-,-,-,-,-,-,S,V,S,S,Y,L,A,W,Y,Q,Q,K,P,G,Q,A,P,R,L,L,I,Y,G,A,S,T,R,A,T,G,I,P,A,R,F,S,G,S,G,S,G,T,E,F,T,L,T,I,S,S,L,Q,S,E,D,F,A,V,Y,Y,C,Q,-,-,-,-,-,-,-
E,I,V,L,T,Q,S,P,A,T,L,S,L,S,P,G,E,R,A,T,L,S,C,R,A,S,Q,-,-,-,-,-,-,G,V,S,S,Y,L,A,W,Y,Q,Q,K,P,G,Q,A,P,R,L,L,I,Y,D,A,S,S,R,A,T,G,I,P,A,R,F,S,G,S,G,P,G,T,D,F,T,L,T,I,S,S,L,E,P,E,D,F,A,V,Y,Y,C,Q,-,-,-,-,-,-,-
E,I,V,L,T,Q,S,P,G,T,L,S,L,S,P,G,E,R,A,T,L,S,C,R,A,S,Q,S,-,-,-,-,-,V,S,S,S,Y,L,A,W,Y,Q,Q,K,P,G,L,A,P,R,L,L,I,Y,G,A,S,T,R,A,T,G,I,P,A,R,F,S,G,S,G,S,G,T,E,F,T,L,T,I,S,R,L,Q,S,E,D,F,A,V,Y,Y,C,Q,-,-,-,-,-,-,-
E,I,V,L,T,Q,S,P,A,T,L,S,L,S,P,G,E,R,A,T,L,S,C,R,A,S,Q,-,-,-,-,-,-,G,V,S,S,N,L,A,W,Y,Q,Q,K,P,G,Q,A,P,R,L,L,I,Y,D,A,S,N,R,A,T,G,I,P,A,R,F,S,G,S,G,P,G,T,D,F,T,L,T,I,S,S,L,E,P,E,D,F,A,V,Y,Y,C,Q,Q,R,S,N,W,H,-
E,I,V,L,T,Q,S,P,A,T,L,S,L,S,P,G,E,R,A,T,L,S,C,R,A,S,Q,S,-,-,-,-,-,V,S,S,S,Y,L,A,W,Y,Q,Q,K,P,G,Q,A,P,R,L,L,I,Y,D,A,S,S,R,A,T,G,I,P,D,R,F,S,G,S,G,S,G,T,D,F,T,L,T,I,S,R,L,E,P,E,D,F,A,V,Y,Y,C,Q,Q,R,S,N,W,H,-
E,I,V,M,T,Q,S,P,A,T,L,S,L,S,P,G,E,R,A,T,L,S,C,R,A,S,Q,S,-,-,-,-,-,V,S,S,S,Y,L,S,W,Y,Q,Q,K,P,G,Q,A,P,R,L,L,I,Y,G,A,S,T,R,A,T,G,I,P,A,R,F,S,G,S,G,S,G,T,D,F,T,L,T,I,S,S,L,Q,P,E,D,F,A,V,Y,Y,C,Q,Q,D,Y,N,L,P,P
E,I,V,L,T,Q,S,P,A,T,L,S,L,S,P,G,E,R,A,T,L,S,C,R,A,S,Q,-,-,-,-,-,-,G,V,S,S,Y,L,A,W,Y,Q,Q,K,P,G,Q,A,P,R,L,L,I,Y,D,A,S,N,R,A,T,G,I,P,A,R,F,S,G,S,G,P,G,T,D,F,T,L,T,I,S,S,L,E,P,E,D,F,A,V,Y,Y,C,Q,Q,R,S,N,W,H,P
E,I,V,L,T,Q,S,P,A,T,L,S,L,S,P,G,E,R,A,T,L,S,C,G,A,S,Q,S,-,-,-,-,-,V,S,S,S,Y,L,A,W,Y,Q,Q,K,P,G,L,A,P,R,L,L,I,Y,D,A,S,S,R,A,T,G,I,P,D,R,F,S,G,S,G,S,G,T,D,F,T,L,T,I,S,R,L,E,P,E,D,F,A,V,Y,Y,C,Q,Q,Y,G,S,S,P,P
D,I,V,M,T,Q,S,P,D,S,L,A,V,S,L,G,E,R,A,T,I,N,C,K,S,S,Q,S,V,L,Y,S,S,N,N,K,N,Y,L,A,W,Y,Q,Q,K,P,G,Q,P,P,K,L,L,I,Y,W,A,S,T,R,E,S,G,V,P,D,R,F,S,G,S,G,S,G,T,D,F,T,L,T,I,S,S,L,Q,A,E,D,V,A,V,Y,Y,C,Q,Q,Y,Y,S,T,P,P
