1,2,3,4,5,6,7,8,9,10,11,12,13,14,15,16,17,18,19,20,21,22,23,24,25,26,27,27A,27B,27C,28,29,30,31,32,33,34,35,36,37,38,39,40,41,42,43,44,45,46,47,48,49,50,51,52,53,54,54A,54B,54C,54D,54E,55,56,57,58,59,60,61,62,63,64,65,66,66A,66B,67,68,69,70,71,72,73,74,75,76,77,78,79,80,81,82,83,84,85,86,87,88,89,90,91,92,93,94,95,95A,95B,95C,95D
Q,S,A,L,T,Q,P,P,S,-,A,S,G,S,P,G,Q,S,V,T,I,S,C,T,G,T,S,S,D,V,G,G,Y,N,Y,V,S,W,Y,Q,Q,H,P,G,K,A,P,K,L,M,I,Y,E,V,S,K,R,-,-,-,-,-,P,S,G,V,P,D,R,F,S,G,S,K,-,-,S,G,N,T,A,S,L,T,V,S,G,L,Q,A,E,D,E,A,D,Y,Y,C,S,S,Y,A,G,S,N,N,F,-,-
Q,S,A,L,T,Q,P,R,S,-,V,S,G,S,P,G,Q,S,V,T,I,S,C,T,G,T,S,S,D,V,G,G,Y,N,Y,V,S,W,Y,Q,Q,H,P,G,K,A,P,K,L,M,I,Y,D,V,S,K,R,-,-,-,-,-,P,S,G,V,P,D,R,F,S,G,S,K,-,-,S,G,N,T,A,S,L,T,I,S,G,L,Q,A,E,D,E,A,D,Y,Y,C,C,S,Y,A,G,S,Y,T,F,-,-
Q,S,A,L,T,Q,P,A,S,-,V,S,G,S,P,G,Q,S,I,T,I,S,C,T,G,T,S,S,D,V,G,G,Y,N,Y,V,S,W,Y,Q,Q,H,P,G,K,A,P,K,L,M,I,Y,E,V,S,N,R,-,-,-,-,-,P,S,G,V,S,N,R,F,S,G,S,K,-,-,S,G,N,T,A,S,L,T,I,S,G,L,Q,A,E,D,E,A,D,Y,Y,C,S,S,Y,T,S,S,S,T,L,-,-
Q,S,A,L,T,Q,P,P,S,-,V,S,G,S,P,G,Q,S,V,T,I,S,C,T,G,T,S,S,D,V,G,S,Y,N,R,V,S,W,Y,Q,Q,P,P,G,T,A,P,K,L,M,I,Y,E,V,S,N,R,-,-,-,-,-,P,S,G,V,P,D,R,F,S,G,S,K,-,-,S,G,N,T,A,S,L,T,I,S,G,L,Q,A,E,D,E,A,D,Y,Y,C,S,L,Y,T,S,S,S,T,F,-,-
Q,S,A,L,T,Q,P,A,S,-,V,S,G,S,P,G,Q,S,I,T,I,S,C,T,G,T,S,S,D,V,G,S,Y,N,L,V,S,W,Y,Q,Q,H,P,G,K,A,P,K,L,M,I,Y,E,V,S,K,R,-,-,-,-,-,P,S,G,V,S,N,R,F,S,G,S,K,-,-,S,G,N,T,A,S,L,T,I,S,G,L,Q,A,E,D,E,A,D,Y,Y,C,C,S,Y,A,G,S,S,T,F,-,-
S,Y,E,L,T,Q,P,P,S,-,V,S,V,S,P,G,Q,T,A,S,I,T,C,S,G,D,K,-,-,-,L,G,D,K,Y,A,C,W,Y,Q,Q,K,P,G,Q,S,P,V,L,V,I,Y,Q,D,S,K,R,-,-,-,-,-,P,S,G,I,P,E,R,F,S,G,S,N,-,-,S,G,N,T,A,T,L,T,I,S,G,T,Q,A,M,D,E,A,D,Y,Y,C,Q,A,W,D,S,S,T,A,-,-,-
S,Y,E,L,T,Q,P,L,S,-,V,S,V,A,L,G,Q,T,A,R,I,T,C,G,G,N,N,-,-,-,I,G,S,K,N,V,H,W,Y,Q,Q,K,P,G,Q,A,P,V,L,V,I,Y,R,D,S,N,R,-,-,-,-,-,P,S,G,I,P,E,R,F,S,G,S,N,-,-,S,G,N,T,A,T,L,T,I,S,R,A,Q,A,G,D,E,A,D,Y,Y,C,Q,V,W,D,S,S,T,A,-,-,-
S,Y,E,L,T,Q,P,P,S,-,V,S,V,S,P,G,Q,T,A,R,I,T,C,S,G,D,A,-,-,-,L,P,K,K,Y,A,Y,W,Y,Q,Q,K,S,G,Q,A,P,V,L,V,I,Y,E,D,S,K,R,-,-,-,-,-,P,S,G,I,P,E,R,F,S,G,S,S,-,-,S,G,T,M,A,T,L,T,I,S,G,A,Q,V,E,D,E,A,D,Y,Y,C,Y,S,T,D,S,S,G,N,H,-,-
Q,P,V,L,T,Q,S,S,S,-,A,S,A,S,L,G,S,S,V,K,L,T,C,T,L,S,S,G,-,-,H,S,S,Y,I,I,A,W,H,Q,Q,Q,P,G,K,A,P,R,Y,L,M,K,L,E,G,S,G,S,Y,N,K,-,G,S,G,V,P,D,R,F,S,G,S,S,-,-,S,G,A,D,R,Y,L,T,I,S,N,L,Q,L,E,D,E,A,D,Y,Y,C,E,T,W,D,S,N,T,-,-,-,-
Q,L,V,L,T,Q,S,P,S,-,A,S,A,S,L,G,A,S,V,K,L,T,C,T,L,S,S,G,-,-,H,S,S,Y,A,I,A,W,H,Q,Q,Q,P,E,K,G,P,R,Y,L,M,K,L,N,S,D,G,S,H,S,K,-,G,D,G,I,P,D,R,F,S,G,S,S,-,-,S,G,A,E,R,Y,L,T,I,S,S,L,Q,S,E,D,E,A,D,Y,Y,C,Q,T,W,G,T,G,I,-,-,-,-
Q,P,V,L,T,Q,P,P,S,-,S,S,A,S,P,G,E,S,A,R,L,T,C,T,L,P,S,D,I,N,V,G,S,Y,N,I,Y,W,Y,Q,Q,K,P,G,S,P,P,R,Y,L,L,Y,Y,Y,S,D,S,D,K,G,Q,-,G,S,G,V,P,S,R,F,S,G,S,K,D,A,S,A,N,T,G,I,L,L,I,S,G,L,Q,S,E,D,E,A,D,Y,Y,C,M,I,W,P,S,N,A,S,-,-,-
Q,A,V,L,T,Q,P,A,S,-,L,S,A,S,P,G,A,S,A,S,L,T,C,T,L,R,S,G,I,N,V,G,T,Y,R,I,Y,W,Y,Q,Q,K,P,G,S,P,P,Q,Y,L,L,R,Y,K,S,D,S,D,K,Q,Q,-,G,S,G,V,P,S,R,F,S,G,S,K,D,A,S,A,N,A,G,I,L,L,I,S,G,L,Q,S,E,D,E,A,D,Y,Y,C,M,I,W,H,S,S,A,S,-,-,-
Q,P,V,L,T,Q,P,S,S,-,H,S,A,S,S,G,A,S,V,R,L,T,C,M,L,S,S,G,F,S,V,G,D,F,W,I,R,W,Y,Q,Q,K,P,G,N,P,P,R,Y,L,L,Y,Y,H,S,D,S,N,K,G,Q,-,G,S,G,V,P,S,R,F,S,G,S,N,D,A,S,A,N,A,G,I,L,R,I,S,G,L,Q,P,E,D,E,A,D,Y,Y,C,G,T,W,H,S,N,S,K,T,-,-
N,F,M,L,T,Q,P,H,S,-,V,S,E,S,P,G,K,T,V,T,I,S,C,T,R,S,S,G,S,-,I,A,S,N,Y,V,Q,W,Y,Q,Q,R,P,G,S,S,P,T,T,V,I,Y,E,D,N,Q,R,-,-,-,-,-,P,S,G,V,P,D,R,F,S,G,S,I,D,S,S,S,N,S,A,S,L,T,I,S,G,L,K,T,E,D,E,A,D,Y,Y,C,Q,S,Y,D,S,S,N,-,-,-,-
Q,T,V,V,T,Q,E,P,S,-,L,T,V,S,P,G,G,T,V,T,L,T,C,A,S,S,T,G,A,V,T,S,G,Y,Y,P,N,W,F,Q,Q,K,P,G,Q,A,P,R,A,L,I,Y,S,T,S,N,K,-,-,-,-,-,H,S,W,T,P,A,R,F,S,G,S,L,-,-,L,G,G,K,A,A,L,T,L,S,G,V,Q,P,E,D,E,A,E,Y,Y,C,L,L,Y,Y,G,G,A,Q,-,-,-
Q,A,V,V,T,Q,E,P,S,-,L,T,V,S,P,G,G,T,V,T,L,T,C,G,S,S,T,G,A,V,T,S,G,H,Y,P,Y,W,F,Q,Q,K,P,G,Q,A,P,R,T,L,I,Y,D,T,S,N,K,-,-,-,-,-,H,S,W,T,P,A,R,F,S,G,S,L,-,-,L,G,G,K,A,A,L,T,L,S,G,A,Q,P,E,D,E,A,E,Y,Y,C,L,L,S,Y,S,G,A,R,-,-,-
Q,A,G,L,T,Q,P,P,S,-,V,S,K,G,L,R,Q,T,A,T,L,T,C,T,G,N,S,N,N,-,V,G,N,Q,G,A,A,W,L,Q,Q,H,Q,G,H,P,P,K,L,L,S,Y,R,N,N,N,R,-,-,-,-,-,P,S,G,I,S,E,R,L,S,A,S,R,-,-,S,G,N,T,A,S,L,T,I,T,G,L,Q,P,E,D,E,A,D,Y,Y,C,S,A,W,D,S,S,L,S,A,-,-
Q,S,A,L,T,Q,P,A,S,-,V,S,G,S,P,G,Q,S,I,T,I,S,C,T,G,T,S,S,D,V,G,S,Y,N,L,V,S,W,Y,Q,Q,H,P,G,K,A,P,K,L,M,I,Y,E,G,S,K,R,-,-,-,-,-,P,S,G,V,S,N,R,F,S,G,S,K,-,-,S,G,N,T,A,S,L,T,I,S,G,L,Q,A,E,D,E,A,D,Y,Y,C,S,S,Y,T,S,S,S,-,-,-,-
Q,P,V,L,T,Q,P,T,S,-,L,S,A,S,P,G,A,S,A,R,F,T,C,T,L,R,S,G,I,N,V,G,T,Y,R,I,Y,W,Y,Q,Q,K,P,G,S,L,P,R,Y,L,L,R,Y,K,S,D,S,D,K,Q,Q,-,G,S,G,V,P,S,R,F,S,G,S,K,D,A,S,T,N,A,G,L,L,L,I,S,G,L,Q,S,E,D,E,A,D,Y,Y,C,A,I,W,Y,S,S,T,-,-,-,-
Q,P,V,L,T,Q,S,S,S,-,A,S,A,S,L,G,S,S,V,K,L,T,C,T,L,S,S,G,-,-,H,S,S,Y,I,I,A,W,H,Q,Q,Q,P,G,K,A,P,R,Y,L,M,K,L,E,G,S,G,S,Y,N,K,-,G,S,G,V,P,D,R,F,S,G,S,S,-,-,S,G,A,D,R,Y,L,T,I,S,N,L,Q,F,E,D,E,A,D,Y,Y,C,E,T,W,D,S,N,T,-,-,-,-
Q,S,V,L,T,Q,P,P,S,-,V,S,A,A,P,G,Q,K,V,T,I,S,C,S,G,S,S,S,N,-,I,G,N,N,Y,V,S,W,Y,Q,Q,L,P,G,T,A,P,K,L,L,I,Y,D,N,N,K,R,-,-,-,-,-,P,S,G,I,P,D,R,F,S,G,S,K,-,-,S,G,T,S,A,T,L,G,I,T,G,L,Q,T,G,D,E,A,D,Y,Y,C,G,T,W,D,S,S,L,-,-,-,-
Q,S,V,L,T,Q,P,P,S,-,A,S,G,T,P,G,Q,R,V,T,I,S,C,S,G,S,S,S,N,-,I,G,S,N,T,V,N,W,Y,Q,Q,L,P,G,T,A,P,K,L,L,I,Y,S,N,N,Q,R,-,-,-,-,-,P,S,G,V,P,D,R,F,S,G,S,K,-,-,S,G,T,S,A,S,L,A,I,S,G,L,Q,S,E,D,E,A,D,Y,Y,C,A,A,W,D,D,S,L,-,-,-,-
Q,S,A,L,T,Q,P,A,S,-,V,S,G,S,P,G,Q,S,I,T,I,S,C,T,G,T,S,S,D,V,G,S,Y,N,L,V,S,W,Y,Q,Q,H,P,G,K,A,P,K,L,M,I,Y,E,G,S,K,R,-,-,-,-,-,P,S,G,V,S,N,R,F,S,G,S,K,-,-,S,G,N,T,A,S,L,T,I,S,G,L,Q,A,E,D,E,A,D,Y,Y,C,C,S,Y,A,G,S,S,-,-,-,-
S,S,E,L,T,Q,D,P,A,-,V,S,V,A,L,G,Q,T,V,R,I,T,C,Q,G,D,S,-,-,-,L,R,S,Y,Y,A,S,W,Y,Q,Q,K,P,G,Q,A,P,V,L,V,I,Y,G,K,N,N,R,-,-,-,-,-,P,S,G,I,P,D,R,F,S,G,S,S,-,-,S,G,N,T,A,S,L,T,I,T,G,A,Q,A,E,D,E,A,D,Y,Y,C,N,S,R,D,S,S,G,-,-,-,-
N,F,M,L,T,Q,P,H,S,-,V,S,E,S,P,G,K,T,V,T,I,S,C,T,G,S,S,G,S,-,I,A,S,N,Y,V,Q,W,Y,Q,Q,R,P,G,S,A,P,T,T,V,I,Y,E,D,N,Q,R,-,-,-,-,-,P,S,G,V,P,D,R,F,S,G,S,I,D,S,S,S,N,S,A,S,L,T,I,S,G,L,K,T,E,D,E,A,D,Y,Y,C,Q,S,Y,D,S,S,N,-,-,-,-
Q,S,V,L,T,Q,P,P,S,-,A,S,G,T,P,G,Q,R,V,T,I,S,C,S,G,S,S,S,N,-,I,G,S,N,Y,V,Y,W,Y,Q,Q,L,P,G,T,A,P,K,L,L,I,Y,R,N,N,Q,R,-,-,-,-,-,P,S,G,V,P,D,R,F,S,G,S,K,-,-,S,G,T,S,A,S,L,A,I,S,G,L,R,S,E,D,E,A,D,Y,Y,C,A,A,W,D,D,S,L,-,-,-,-
S,Y,E,L,T,Q,P,P,S,-,V,S,V,S,P,G,Q,T,A,R,I,T,C,S,A,D,A,-,-,-,L,P,K,Q,Y,A,Y,W,Y,Q,Q,K,P,G,Q,A,P,V,L,V,I,Y,K,D,S,E,R,-,-,-,-,-,P,S,G,I,P,E,R,F,S,G,S,S,-,-,S,G,T,T,V,T,L,T,I,S,G,V,Q,A,E,D,E,A,D,Y,Y,C,Q,S,A,D,S,S,G,-,-,-,-
Q,S,A,L,T,Q,P,A,S,-,V,S,G,S,P,G,Q,S,I,T,I,S,C,T,G,T,S,S,D,V,G,G,Y,N,Y,V,S,W,Y,Q,Q,H,P,G,K,A,P,K,L,M,I,Y,D,V,S,N,R,-,-,-,-,-,P,S,G,V,S,N,R,F,S,G,S,K,-,-,S,G,N,T,A,S,L,T,I,S,G,L,Q,A,E,D,E,A,D,Y,Y,C,S,S,Y,T,S,S,S,-,-,-,-
Q,S,A,L,T,Q,P,P,S,-,A,S,G,S,P,G,Q,S,V,T,I,S,C,T,G,T,S,S,D,V,G,G,Y,N,Y,V,S,W,Y,Q,Q,H,P,G,K,A,P,K,L,M,I,Y,E,V,S,K,R,-,-,-,-,-,P,S,G,V,P,D,R,F,S,G,S,K,-,-,S,G,N,T,A,S,L,T,V,S,G,L,Q,A,E,D,E,A,D,Y,Y,C,S,S,Y,A,G,S,N,-,-,-,-
Q,S,V,L,T,Q,P,P,S,-,V,S,E,A,P,R,Q,R,V,T,I,S,C,S,G,S,S,S,N,-,I,G,N,N,A,V,N,W,Y,Q,Q,L,P,G,K,A,P,K,L,L,I,Y,Y,D,D,L,L,-,-,-,-,-,P,S,G,V,S,D,R,F,S,G,S,K,-,-,S,G,T,S,A,S,L,A,I,S,G,L,Q,S,E,D,E,A,D,Y,Y,C,A,A,W,D,D,S,L,N,G,P,-
Q,S,V,L,T,Q,P,P,S,-,V,S,G,A,P,G,Q,R,V,T,I,S,C,T,G,S,S,S,N,I,G,A,G,Y,D,V,H,W,Y,Q,Q,L,P,G,T,A,P,K,L,L,I,Y,G,N,S,N,R,-,-,-,-,-,P,S,G,V,P,D,R,F,S,G,S,K,-,-,S,G,T,S,A,S,L,A,I,T,G,L,Q,A,E,D,E,A,D,Y,Y,C,Q,S,Y,D,S,S,L,S,G,S,-
Q,S,V,V,T,Q,P,P,S,-,V,S,G,A,P,G,Q,R,V,T,I,S,C,T,G,S,S,S,N,I,G,A,G,Y,D,V,H,W,Y,Q,Q,L,P,G,T,A,P,K,L,L,I,Y,G,N,S,N,R,-,-,-,-,-,P,S,G,V,P,D,R,F,S,G,S,K,-,-,S,G,T,S,A,S,L,A,I,T,G,L,Q,A,E,D,E,A,D,Y,Y,C,Q,S,Y,D,S,S,L,S,G,S,-
Q,S,V,V,T,Q,P,P,S,-,V,S,G,A,P,G,Q,R,V,T,I,S,C,T,G,S,S,S,N,I,G,A,G,Y,D,V,H,W,Y,Q,Q,L,P,G,T,A,P,K,L,L,I,Y,G,N,S,N,R,-,-,-,-,-,P,S,G,V,P,D,R,F,S,G,S,K,-,-,S,G,A,S,A,S,L,A,I,T,G,L,Q,A,E,D,E,A,D,Y,Y,C,Q,S,Y,D,S,S,L,S,G,-,-
Q,S,V,L,T,Q,P,P,S,-,V,S,A,A,P,G,Q,K,V,T,I,S,C,S,G,S,S,S,D,-,M,G,N,Y,A,V,S,W,Y,Q,Q,L,P,G,T,A,P,K,L,L,I,Y,E,N,N,K,R,-,-,-,-,-,P,S,G,I,P,D,R,F,S,G,S,K,-,-,S,G,T,S,A,T,L,G,I,T,G,L,W,P,E,D,E,A,D,Y,Y,C,L,A,W,D,T,S,P,R,A,-,-
Q,S,V,L,T,Q,P,P,S,-,A,S,G,T,P,G,Q,R,V,T,I,S,C,S,G,S,S,S,N,-,I,G,S,N,T,V,N,W,Y,Q,Q,L,P,G,T,A,P,K,L,L,I,Y,S,N,N,Q,R,-,-,-,-,-,P,S,G,V,P,D,R,F,S,G,S,K,-,-,S,G,T,S,A,S,L,A,I,S,G,L,Q,S,E,D,E,A,D,Y,Y,C,A,A,W,D,D,S,L,N,G,P,-
Q,S,V,L,T,Q,P,P,S,-,A,S,G,T,P,G,Q,R,V,T,I,S,C,S,G,S,S,S,N,-,I,G,S,N,Y,V,Y,W,Y,Q,Q,L,P,G,T,A,P,K,L,L,I,Y,R,N,N,Q,R,-,-,-,-,-,P,S,G,V,P,D,R,F,S,G,S,K,-,-,S,G,T,S,A,S,L,A,I,S,G,L,R,S,E,D,E,A,D,Y,Y,C,A,A,W,D,D,S,L,S,G,P,-
Q,S,V,L,T,Q,P,P,S,-,A,S,G,T,P,G,Q,R,V,T,I,S,C,S,G,S,S,S,N,-,I,G,S,N,Y,V,Y,W,Y,Q,Q,L,P,G,T,A,P,K,L,L,I,Y,S,N,N,Q,R,-,-,-,-,-,P,S,G,V,P,D,R,F,S,G,S,K,-,-,S,G,T,S,A,S,L,A,I,S,G,L,R,S,E,D,E,A,D,Y,Y,C,A,A,W,D,D,S,L,S,G,P,-
Q,S,V,L,T,Q,P,P,S,-,V,S,G,A,P,G,Q,R,V,T,I,S,C,T,G,S,S,S,N,I,G,A,G,Y,V,V,H,W,Y,Q,Q,L,P,G,T,A,P,K,L,L,I,Y,G,N,S,N,R,-,-,-,-,-,P,S,G,V,P,D,Q,F,S,G,S,K,-,-,S,G,T,S,A,S,L,A,I,T,G,L,Q,S,E,D,E,A,D,Y,Y,C,K,A,W,D,N,S,L,N,A,-,-
Q,S,V,L,T,Q,P,P,S,-,V,S,A,A,P,G,Q,K,V,T,I,S,C,S,G,S,S,S,N,-,I,G,N,N,Y,V,S,W,Y,Q,Q,L,P,G,T,A,P,K,L,L,I,Y,D,N,N,K,R,-,-,-,-,-,P,S,G,I,P,D,R,F,S,G,S,K,-,-,S,G,T,S,A,T,L,G,I,T,G,L,Q,T,G,D,E,A,D,Y,Y,C,G,T,W,D,S,S,L,S,A,G,-
Q,S,V,L,T,Q,P,P,S,-,V,S,A,A,P,G,Q,K,V,T,I,S,C,S,G,S,S,S,N,-,I,G,N,N,Y,V,S,W,Y,Q,Q,L,P,G,T,A,P,K,L,L,I,Y,E,N,N,K,R,-,-,-,-,-,P,S,G,I,P,D,R,F,S,G,S,K,-,-,S,G,T,S,A,T,L,G,I,T,G,L,Q,T,G,D,E,A,D,Y,Y,C,G,T,W,D,S,S,L,S,A,G,-
Q,A,G,L,T,Q,P,P,S,-,V,S,K,G,L,R,Q,T,A,T,L,T,C,T,G,N,S,N,N,-,V,G,N,Q,G,A,A,W,L,Q,Q,H,Q,G,H,P,P,K,L,L,S,Y,R,N,N,N,R,-,-,-,-,-,P,S,G,I,S,E,R,L,S,A,S,R,-,-,S,G,N,T,A,S,L,T,I,T,G,L,Q,P,E,D,E,A,D,Y,Y,C,S,A,W,D,S,S,L,S,A,-,-
Q,A,G,L,T,Q,P,P,S,-,V,S,K,G,L,R,Q,T,A,T,L,T,C,T,G,N,S,N,I,-,V,G,N,Q,G,A,A,W,L,Q,Q,H,Q,G,H,P,P,K,L,L,S,Y,R,N,N,N,R,-,-,-,-,-,P,S,G,I,S,E,R,F,S,A,S,R,-,-,S,G,N,T,A,S,L,T,I,T,G,L,Q,P,E,D,E,A,D,Y,Y,C,S,A,L,D,S,S,L,S,A,-,-
R,P,V,L,T,Q,P,P,S,-,L,S,A,S,P,G,A,T,A,R,L,P,C,T,L,S,S,D,L,S,V,G,G,K,N,M,F,W,Y,Q,Q,K,P,G,S,S,P,R,L,F,L,Y,H,Y,S,D,S,D,K,Q,L,-,G,P,G,V,P,S,R,V,S,G,S,K,E,T,S,S,N,T,A,F,L,L,I,S,G,L,Q,P,E,D,E,A,D,Y,Y,C,Q,V,Y,E,S,S,A,N,-,-,-
Q,S,A,L,T,Q,P,A,S,-,V,S,G,S,P,G,Q,S,I,T,I,S,C,T,G,T,S,S,D,V,G,S,Y,N,L,V,S,W,Y,Q,Q,H,P,G,K,A,P,K,L,M,I,Y,E,G,S,K,R,-,-,-,-,-,P,S,G,V,S,N,R,F,S,G,S,K,-,-,S,G,N,T,A,S,L,T,I,S,G,L,Q,A,E,D,E,A,D,Y,Y,C,S,S,Y,T,S,S,S,T,L,-,-
Q,S,A,L,T,Q,P,P,S,-,V,S,G,S,P,G,Q,S,V,T,I,S,C,T,G,T,S,S,D,V,G,S,Y,N,R,V,S,W,Y,Q,Q,P,P,G,T,A,P,K,L,M,I,Y,E,V,S,N,R,-,-,-,-,-,P,S,G,V,P,D,R,F,S,G,S,K,-,-,S,G,N,T,A,S,L,T,I,S,G,L,Q,A,E,D,E,A,D,Y,Y,C,S,S,Y,T,S,S,S,T,F,-,-
Q,S,A,L,T,Q,P,P,S,-,V,S,G,S,P,G,Q,S,V,T,I,S,C,T,G,T,S,S,D,V,G,S,Y,N,R,V,S,W,Y,Q,Q,P,P,G,T,A,P,K,L,M,I,Y,E,V,S,N,R,-,-,-,-,-,P,S,G,V,P,D,R,F,S,G,S,K,-,-,S,G,N,T,A,S,L,T,T,S,G,L,Q,A,E,D,E,A,D,Y,Y,C,S,S,Y,T,S,S,S,T,F,-,-
Q,S,A,L,T,Q,P,P,S,-,V,S,G,S,P,G,Q,S,V,T,I,S,C,T,G,T,S,S,D,V,G,S,Y,N,R,V,S,W,Y,Q,Q,P,P,G,T,A,P,K,L,M,I,Y,E,V,S,N,R,-,-,-,-,-,P,S,G,V,P,D,R,S,S,G,S,K,-,-,S,G,N,T,A,S,L,T,I,S,G,L,Q,A,E,D,E,A,D,Y,Y,C,S,S,Y,T,S,S,S,T,F,-,-
Q,S,A,L,T,Q,P,A,S,-,V,S,G,S,P,G,Q,S,I,T,I,S,C,T,G,T,S,S,D,V,G,S,Y,N,L,V,S,W,Y,Q,Q,H,P,G,K,A,P,K,L,M,I,Y,E,G,S,K,R,-,-,-,-,-,P,S,G,V,S,N,R,F,S,G,S,K,-,-,S,G,N,T,A,S,L,T,I,S,G,L,Q,A,E,D,E,A,D,Y,Y,C,C,S,Y,A,G,S,S,T,L,-,-
Q,S,A,L,T,Q,P,A,S,-,V,S,G,S,P,G,Q,S,I,T,I,S,C,T,G,T,S,S,D,V,G,S,Y,N,L,V,S,W,Y,Q,Q,H,P,G,K,A,P,K,L,M,I,Y,E,G,S,K,R,-,-,-,-,-,P,S,G,V,S,N,R,F,S,G,S,K,-,-,S,G,N,T,A,S,L,T,I,S,G,L,Q,A,E,D,E,A,D,Y,Y,C,C,S,Y,A,G,S,S,T,F,-,-
Q,S,A,L,T,Q,P,P,F,-,V,S,G,A,P,G,Q,S,V,T,I,S,C,T,G,T,S,S,D,V,G,D,Y,D,H,V,F,W,Y,Q,K,R,L,S,T,T,S,R,L,L,I,Y,N,V,N,T,R,-,-,-,-,-,P,S,G,I,S,D,L,F,S,G,S,K,-,-,S,G,N,M,A,S,L,T,I,S,G,L,K,S,E,V,E,A,N,Y,H,C,S,L,Y,S,S,S,Y,T,F,-,-
Q,S,A,L,T,Q,P,P,F,-,V,S,G,A,P,G,Q,S,V,T,I,S,C,T,G,T,S,S,D,V,G,D,Y,D,H,V,F,W,Y,Q,K,R,L,S,T,T,S,R,L,L,I,Y,N,V,N,T,R,-,-,-,-,-,P,S,G,I,S,D,L,F,S,G,S,K,-,-,S,G,N,V,A,S,L,T,I,S,G,L,K,S,E,V,E,A,N,Y,H,C,S,L,Y,S,S,S,Y,T,F,-,-
Q,S,A,L,T,Q,P,P,S,-,A,S,R,S,P,G,Q,S,V,T,I,S,C,T,G,T,S,S,D,V,G,G,Y,N,Y,V,S,W,Y,Q,Q,H,P,G,K,A,P,K,L,M,I,Y,E,V,S,K,R,-,-,-,-,-,P,S,G,V,P,D,R,F,S,G,S,K,-,-,S,G,N,T,A,S,L,T,V,S,G,L,Q,A,E,D,E,A,D,Y,Y,C,S,S,Y,A,G,S,N,N,F,-,-
S,Y,E,L,T,Q,P,P,S,-,V,S,V,S,P,G,Q,T,A,R,I,T,C,S,G,D,A,-,-,-,L,P,K,K,Y,A,Y,W,Y,Q,Q,K,S,G,Q,A,P,V,L,V,I,Y,K,D,S,K,R,-,-,-,-,-,P,S,G,I,P,E,R,F,S,G,S,S,-,-,S,G,T,M,A,T,L,T,I,S,G,A,Q,V,E,D,E,D,D,Y,Y,C,Y,S,A,D,Y,S,G,N,-,-,-
S,Y,E,L,T,Q,P,H,S,-,V,S,V,A,T,A,Q,M,A,R,I,T,C,G,G,N,N,-,-,-,I,G,S,K,A,V,H,W,Y,Q,Q,K,P,G,Q,D,P,V,L,V,I,Y,S,D,S,N,R,-,-,-,-,-,P,S,G,I,P,E,R,F,S,G,S,N,-,-,P,G,N,T,T,T,L,T,I,S,R,I,E,A,G,D,E,A,D,Y,Y,C,Q,V,W,D,S,S,S,D,H,P,-
S,Y,E,L,T,Q,P,H,S,-,V,S,V,A,T,A,Q,M,A,R,I,T,C,G,G,N,N,-,-,-,I,G,S,K,A,V,H,W,Y,Q,Q,K,P,G,Q,D,P,V,L,V,I,Y,S,D,S,N,R,-,-,-,-,-,P,S,G,I,P,E,R,F,S,G,S,N,-,-,P,G,N,T,A,T,L,T,I,S,R,I,E,A,G,D,E,A,D,Y,Y,C,Q,V,W,D,S,S,S,D,H,P,-
S,Y,E,L,T,Q,P,P,S,-,V,S,V,S,L,G,Q,M,A,R,I,T,C,S,G,E,A,-,-,-,L,P,K,K,Y,A,Y,W,Y,Q,Q,K,P,G,Q,F,P,V,L,V,I,Y,K,D,S,E,R,-,-,-,-,-,P,S,G,I,P,E,R,F,S,G,S,S,-,-,S,G,T,I,V,T,L,T,I,S,G,V,Q,A,E,D,E,A,D,Y,Y,C,L,S,A,D,S,S,G,T,Y,P,-
S,S,E,L,T,Q,D,P,A,-,V,S,V,A,L,G,Q,T,V,R,I,T,C,Q,G,D,S,-,-,-,L,R,S,Y,Y,A,S,W,Y,Q,Q,K,P,G,Q,A,P,V,L,V,I,Y,G,K,N,N,R,-,-,-,-,-,P,S,G,I,P,D,R,F,S,G,S,S,-,-,S,G,N,T,A,S,L,T,I,T,G,A,Q,A,E,D,E,A,D,Y,Y,C,N,S,R,D,S,S,G,N,H,L,-
S,Y,V,L,T,Q,P,P,S,-,V,S,V,A,P,G,K,T,A,R,I,T,C,G,G,N,N,-,-,-,I,G,S,K,S,V,H,W,Y,Q,Q,K,P,G,Q,A,P,V,L,V,I,Y,Y,D,S,D,R,-,-,-,-,-,P,S,G,I,P,E,R,F,S,G,S,N,-,-,S,G,N,T,A,T,L,T,I,S,R,V,E,A,G,D,E,A,D,Y,Y,C,Q,V,W,D,S,S,S,D,H,P,-
S,Y,V,L,T,Q,P,P,S,-,V,S,V,A,P,G,Q,T,A,R,I,T,C,G,G,N,N,-,-,-,I,G,S,K,S,V,H,W,Y,Q,Q,K,P,G,Q,A,P,V,L,V,V,Y,D,D,S,D,R,-,-,-,-,-,P,S,G,I,P,E,R,F,S,G,S,N,-,-,S,G,N,T,A,T,L,T,I,S,R,V,E,A,G,D,E,A,D,Y,Y,C,Q,V,W,D,S,S,S,D,H,P,-
S,Y,V,L,T,Q,P,P,S,-,V,S,V,A,P,G,K,T,A,R,I,T,C,G,G,N,N,-,-,-,I,G,S,K,S,V,H,W,Y,Q,Q,K,P,G,Q,A,P,V,L,V,V,Y,D,D,S,D,R,-,-,-,-,-,P,S,G,I,P,E,R,F,S,G,S,N,-,-,S,G,N,T,A,T,L,T,I,S,R,V,E,A,G,D,E,A,D,Y,Y,C,Q,V,W,D,S,S,S,D,H,P,-
S,Y,E,L,T,Q,L,P,S,-,V,S,V,S,P,G,Q,T,A,R,I,T,C,S,G,D,V,-,-,-,L,G,E,N,Y,A,D,W,Y,Q,Q,K,P,G,Q,A,P,E,L,V,I,Y,E,D,S,E,R,-,-,-,-,-,Y,P,G,I,P,E,R,F,S,G,S,T,-,-,S,G,N,T,T,T,L,T,I,S,R,V,L,T,E,D,E,A,D,Y,Y,C,L,S,G,D,E,D,N,P,-,-,-
S,Y,E,L,M,Q,P,P,S,-,V,S,V,S,P,G,Q,T,A,R,I,T,C,S,G,D,A,-,-,-,L,P,K,Q,Y,A,Y,W,Y,Q,Q,K,P,G,Q,A,P,V,L,V,I,Y,K,D,S,E,R,-,-,-,-,-,P,S,G,I,P,E,R,F,S,G,S,S,-,-,S,G,T,T,V,T,L,T,I,S,G,V,Q,A,E,D,E,A,D,Y,Y,C,Q,S,A,D,S,S,G,T,Y,P,-
S,Y,E,L,T,Q,P,P,S,-,V,S,V,S,P,G,Q,T,A,R,I,T,C,S,G,D,A,-,-,-,L,P,K,Q,Y,A,Y,W,Y,Q,Q,K,P,G,Q,A,P,V,L,V,I,Y,K,D,S,E,R,-,-,-,-,-,P,S,G,I,P,E,R,F,S,G,S,S,-,-,S,G,T,T,V,T,L,T,I,S,G,V,Q,A,E,D,E,A,D,Y,Y,C,Q,S,A,D,S,S,G,T,Y,P,-
S,Y,E,L,T,Q,P,S,S,-,V,S,V,S,P,G,Q,T,A,R,I,T,C,S,G,D,V,-,-,-,L,A,K,K,Y,A,R,W,F,Q,Q,K,P,G,Q,A,P,V,L,V,I,Y,K,D,S,E,R,-,-,-,-,-,P,S,G,I,P,E,R,F,S,G,S,S,-,-,S,G,T,T,V,T,L,T,I,S,G,A,Q,V,E,D,E,A,D,Y,Y,C,Y,S,A,A,D,N,N,L,-,-,-
S,S,G,P,T,Q,V,P,A,-,V,S,V,A,L,G,Q,M,A,R,I,T,C,Q,G,D,S,-,-,-,M,E,G,S,Y,E,H,W,Y,Q,Q,K,P,G,Q,A,P,V,L,V,I,Y,D,S,S,D,R,-,-,-,-,-,P,S,R,I,P,E,R,F,S,G,S,K,-,-,S,G,N,T,T,T,L,T,I,T,G,A,Q,A,E,D,E,A,D,Y,Y,Y,Q,L,I,D,N,H,A,T,-,-,-
S,Y,E,L,T,Q,P,L,S,-,V,S,V,A,L,G,Q,A,A,R,I,T,C,G,G,N,N,-,-,-,L,G,Y,K,S,V,H,W,Y,Q,Q,K,P,G,Q,A,P,V,L,V,I,Y,R,D,N,N,R,-,-,-,-,-,P,S,G,I,P,E,R,F,S,G,S,N,-,-,S,G,N,T,A,T,L,T,I,S,R,A,Q,A,G,D,E,A,D,Y,Y,C,Q,V,W,D,S,S,T,A,H,P,-
L,P,V,L,T,Q,P,P,S,-,A,S,A,L,L,G,A,S,I,K,L,T,C,T,L,S,S,E,-,-,H,S,T,Y,T,I,E,W,Y,Q,Q,R,P,G,R,S,P,Q,Y,I,M,K,V,K,S,D,G,S,H,S,K,-,G,D,G,I,P,D,R,F,M,G,S,S,-,-,S,G,A,D,R,Y,L,T,F,S,N,L,Q,S,D,D,E,A,E,Y,H,C,G,E,S,H,T,I,D,G,Q,V,G
Q,P,V,L,T,Q,S,S,S,-,A,S,A,S,L,G,S,S,V,K,L,T,C,T,L,S,S,G,-,-,H,S,S,Y,I,I,A,W,H,Q,Q,Q,P,G,K,A,P,R,Y,L,M,K,L,E,G,S,G,S,Y,N,K,-,G,S,G,V,P,D,R,F,S,G,S,S,-,-,S,G,A,D,R,Y,L,T,I,S,N,L,Q,S,E,D,E,A,D,Y,Y,C,E,T,W,D,S,N,T,-,-,-,-
Q,P,V,L,T,Q,P,T,S,-,L,S,A,S,P,G,A,S,A,R,F,T,C,T,L,R,S,G,I,N,V,G,T,Y,R,I,Y,W,Y,Q,Q,K,P,G,S,L,P,R,Y,L,L,R,Y,K,S,D,S,D,K,Q,Q,-,G,S,G,V,P,S,R,F,S,G,S,K,D,A,S,T,N,A,G,L,L,L,I,S,G,L,Q,S,E,D,E,A,D,Y,Y,C,A,I,W,Y,S,S,T,S,-,-,-
Q,P,V,L,T,Q,P,T,S,-,L,S,A,S,P,G,A,S,A,R,F,T,C,T,L,R,S,G,I,N,V,G,T,Y,R,I,Y,W,Y,Q,Q,N,P,G,S,L,P,R,Y,L,L,R,Y,K,S,D,S,D,K,Q,Q,-,G,S,G,V,P,S,R,F,S,G,S,K,D,A,S,T,N,A,G,L,L,L,I,S,G,L,Q,S,E,D,E,A,D,Y,Y,C,A,I,W,Y,S,S,T,S,-,-,-
Q,A,V,L,T,Q,P,S,S,-,L,S,A,S,P,G,A,S,A,S,L,T,C,T,L,R,S,G,I,N,V,G,T,Y,R,I,Y,W,Y,Q,Q,K,P,G,S,P,P,Q,Y,L,L,R,Y,K,S,D,S,D,K,Q,Q,-,G,S,G,V,P,S,R,F,S,G,S,K,D,A,S,A,N,A,G,I,L,L,I,S,G,L,Q,S,E,D,E,A,D,Y,Y,C,M,I,W,H,S,S,A,S,-,-,-
Q,P,V,L,T,Q,P,T,S,-,L,S,A,S,P,G,A,S,A,R,L,T,C,T,L,R,S,G,I,N,L,G,S,Y,R,I,F,W,Y,Q,Q,K,P,E,S,P,P,R,Y,L,L,S,Y,Y,S,D,S,S,K,H,Q,-,G,S,G,V,P,S,R,F,S,G,S,K,D,A,S,S,N,A,G,I,L,V,I,S,G,L,Q,S,E,D,E,A,D,Y,Y,C,M,I,W,H,S,S,A,S,-,-,-
Q,A,V,V,T,Q,E,P,S,-,L,T,V,S,P,G,G,T,V,T,L,T,C,G,S,S,T,G,A,V,T,S,G,H,Y,P,Y,W,F,Q,Q,K,P,G,Q,A,P,R,T,L,I,Y,D,T,S,N,K,-,-,-,-,-,H,S,W,T,P,A,R,F,S,G,S,L,-,-,L,G,G,K,A,A,L,T,L,L,G,A,Q,P,E,D,E,A,E,Y,Y,C,L,L,S,Y,S,G,A,R,-,-,-
Q,T,V,V,T,Q,E,P,S,-,F,S,V,S,P,G,G,T,V,T,L,T,C,G,L,S,S,G,S,V,S,T,S,Y,Y,P,S,W,Y,Q,Q,T,P,G,Q,A,P,R,T,L,I,Y,S,T,N,T,R,-,-,-,-,-,S,S,G,V,P,D,R,F,S,G,S,I,-,-,L,G,N,K,A,A,L,T,I,T,G,A,Q,A,D,D,E,S,D,Y,Y,C,V,L,Y,M,G,S,G,I,S,-,-
Q,T,V,V,T,Q,E,P,S,-,F,S,V,S,P,G,G,T,V,T,L,T,C,G,L,S,S,G,S,V,S,T,S,Y,Y,P,S,W,Y,Q,Q,T,P,G,Q,A,P,R,T,L,I,Y,S,T,N,T,R,-,-,-,-,-,S,S,G,V,P,D,C,F,S,G,S,I,-,-,L,G,N,K,A,A,L,T,I,T,G,A,Q,A,D,D,E,S,D,Y,Y,C,V,L,Y,M,G,S,G,I,S,-,-
Q,S,V,V,T,Q,E,P,S,-,L,S,G,S,P,G,G,T,V,T,L,T,C,A,L,S,S,G,S,V,S,T,S,H,Y,P,R,W,Y,Q,Q,T,P,G,Q,A,P,H,M,L,I,C,S,P,N,T,C,-,-,-,-,-,P,S,G,V,P,G,R,F,S,G,S,I,-,-,L,G,N,K,A,A,L,T,I,T,G,T,Q,V,D,D,D,S,D,H,Y,C,V,L,Y,M,G,S,G,N,-,-,-
Q,P,V,L,T,Q,P,P,S,-,A,S,A,S,L,G,A,S,V,T,L,T,C,T,L,S,S,G,-,-,Y,S,N,Y,K,V,D,W,Y,Q,Q,R,P,G,K,G,P,R,F,V,M,R,V,G,T,G,G,I,V,G,S,K,G,D,G,I,P,D,R,F,S,V,L,G,-,-,S,G,L,N,R,Y,L,T,I,K,N,I,Q,E,E,D,E,S,D,Y,H,C,G,A,D,H,G,S,G,S,N,F,V
