ARG,ARG,0.1238
ARG,LYS,0.2429
ARG,ASN,-0.0758
ARG,ASP,-0.3463
ARG,GLN,-0.1506
ARG,GLU,-0.3716
ARG,HIS,-0.0733
ARG,PRO,-0.0556
ARG,TYR,-0.3020
ARG,TRP,-0.4066
ARG,SER,-0.0307
ARG,THR,0.1641
ARG,GLY,-0.1986
ARG,ALA,0.0863
ARG,MET,-0.1691
ARG,CYS,-0.0516
ARG,PHE,-0.2749
ARG,LEU,-0.0798
ARG,VAL,0.1588
ARG,ILE,-0.0189
LYS,ARG,0.2429
LYS,LYS,0.5909
LYS,ASN,0.2471
LYS,ASP,-0.3560
LYS,GLN,0.0123
LYS,GLU,-0.1902
LYS,HIS,0.0730
LYS,PRO,0.3767
LYS,TYR,-0.0405
LYS,TRP,-0.2437
LYS,SER,0.0221
LYS,THR,0.2437
LYS,GLY,0.2603
LYS,ALA,0.5890
LYS,MET,-0.0855
LYS,CYS,-0.2155
LYS,PHE,0.0428
LYS,LEU,-0.0411
LYS,VAL,0.4158
LYS,ILE,0.2669
ASN,ARG,-0.0758
ASN,LYS,0.2471
ASN,ASN,-0.1364
ASN,ASP,0.0668
ASN,GLN,-0.1542
ASN,GLU,0.0790
ASN,HIS,0.0791
ASN,PRO,-0.0580
ASN,TYR,-0.2394
ASN,TRP,-0.1709
ASN,SER,0.2231
ASN,THR,-0.1560
ASN,GLY,0.3221
ASN,ALA,0.4557
ASN,MET,0.0370
ASN,CYS,0.7083
ASN,PHE,0.1128
ASN,LEU,0.2293
ASN,VAL,0.2417
ASN,ILE,0.3255
ASP,ARG,-0.3463
ASP,LYS,-0.3560
ASP,ASN,0.0668
ASP,ASP,0.3435
ASP,GLN,0.3219
ASP,GLU,0.4705
ASP,HIS,-0.0531
ASP,PRO,0.3132
ASP,TYR,-0.1343
ASP,TRP,0.2714
ASP,SER,-0.0224
ASP,THR,0.3750
ASP,GLY,0.1295
ASP,ALA,0.2390
ASP,MET,0.2127
ASP,CYS,0.6855
ASP,PHE,0.4031
ASP,LEU,0.3965
ASP,VAL,0.3264
ASP,ILE,0.3258
GLN,ARG,-0.1506
GLN,LYS,0.0123
GLN,ASN,-0.1542
GLN,ASP,0.3219
GLN,GLN,0.0158
GLN,GLU,0.1981
GLN,HIS,0.3700
GLN,PRO,-0.1196
GLN,TYR,-0.2801
GLN,TRP,-0.0481
GLN,SER,0.1580
GLN,THR,0.0776
GLN,GLY,0.0469
GLN,ALA,0.1364
GLN,MET,0.2583
GLN,CYS,-0.2972
GLN,PHE,-0.0009
GLN,LEU,-0.0074
GLN,VAL,-0.1851
GLN,ILE,-0.2238
GLU,ARG,-0.3716
GLU,LYS,-0.1902
GLU,ASN,0.0790
GLU,ASP,0.4705
GLU,GLN,0.1981
GLU,GLU,0.3159
GLU,HIS,0.0476
GLU,PRO,0.2402
GLU,TYR,0.0743
GLU,TRP,0.1682
GLU,SER,0.1619
GLU,THR,0.0918
GLU,GLY,0.4593
GLU,ALA,0.3296
GLU,MET,-0.0891
GLU,CYS,0.1732
GLU,PHE,0.2260
GLU,LEU,0.3962
GLU,VAL,0.2364
GLU,ILE,0.0528
HIS,ARG,-0.0733
HIS,LYS,0.0730
HIS,ASN,0.0791
HIS,ASP,-0.0531
HIS,GLN,0.3700
HIS,GLU,0.0476
HIS,HIS,0.0065
HIS,PRO,0.1376
HIS,TYR,-0.1903
HIS,TRP,-0.1252
HIS,SER,0.3582
HIS,THR,0.0609
HIS,GLY,-0.0774
HIS,ALA,-0.0617
HIS,MET,-0.5929
HIS,CYS,-0.2898
HIS,PHE,-0.1252
HIS,LEU,0.0958
HIS,VAL,0.0374
HIS,ILE,-0.3230
PRO,ARG,-0.0556
PRO,LYS,0.3767
PRO,ASN,-0.0580
PRO,ASP,0.3132
PRO,GLN,-0.1196
PRO,GLU,0.2402
PRO,HIS,0.1376
PRO,PRO,0.1661
PRO,TYR,-0.3497
PRO,TRP,-0.5238
PRO,SER,-0.1552
PRO,THR,0.0582
PRO,GLY,0.0669
PRO,ALA,0.3933
PRO,MET,-0.2739
PRO,CYS,1.4258
PRO,PHE,-0.0835
PRO,LEU,-0.1188
PRO,VAL,0.2488
PRO,ILE,0.0497
TYR,ARG,-0.3020
TYR,LYS,-0.0405
TYR,ASN,-0.2394
TYR,ASP,-0.1343
TYR,GLN,-0.2801
TYR,GLU,0.0743
TYR,HIS,-0.1903
TYR,PRO,-0.3497
TYR,TYR,0.0037
TYR,TRP,-0.4536
TYR,SER,-0.0475
TYR,THR,-0.0089
TYR,GLY,-0.0623
TYR,ALA,0.0258
TYR,MET,-0.1597
TYR,CYS,-0.0093
TYR,PHE,-0.1903
TYR,LEU,0.0031
TYR,VAL,-0.1134
TYR,ILE,-0.1888
TRP,ARG,-0.4066
TRP,LYS,-0.2437
TRP,ASN,-0.1709
TRP,ASP,0.2714
TRP,GLN,-0.0481
TRP,GLU,0.1682
TRP,HIS,-0.1252
TRP,PRO,-0.5238
TRP,TYR,-0.4536
TRP,TRP,-0.2568
TRP,SER,0.1190
TRP,THR,-0.0086
TRP,GLY,0.0405
TRP,ALA,0.1197
TRP,MET,-0.2643
TRP,CYS,-0.4573
TRP,PHE,-0.4828
TRP,LEU,-0.1605
TRP,VAL,-0.0098
TRP,ILE,-0.2025
SER,ARG,-0.0307
SER,LYS,0.0221
SER,ASN,0.2231
SER,ASP,-0.0224
SER,GLN,0.1580
SER,GLU,0.1619
SER,HIS,0.3582
SER,PRO,-0.1552
SER,TYR,-0.0475
SER,TRP,0.1190
SER,SER,0.2341
SER,THR,0.1813
SER,GLY,0.2623
SER,ALA,0.0485
SER,MET,0.2994
SER,CYS,-0.2154
SER,PHE,-0.0307
SER,LEU,0.1046
SER,VAL,0.0925
SER,ILE,0.0236
THR,ARG,0.1641
THR,LYS,0.2437
THR,ASN,-0.1560
THR,ASP,0.3750
THR,GLN,0.0776
THR,GLU,0.0918
THR,HIS,0.0609
THR,PRO,0.0582
THR,TYR,-0.0089
THR,TRP,-0.0086
THR,SER,0.1813
THR,THR,0.1036
THR,GLY,0.2991
THR,ALA,0.5509
THR,MET,0.0021
THR,CYS,0.7522
THR,PHE,-0.0467
THR,LEU,0.2240
THR,VAL,-0.1553
THR,ILE,0.1774
GLY,ARG,-0.1986
GLY,LYS,0.2603
GLY,ASN,0.3221
GLY,ASP,0.1295
GLY,GLN,0.0469
GLY,GLU,0.4593
GLY,HIS,-0.0774
GLY,PRO,0.0669
GLY,TYR,-0.0623
GLY,TRP,0.0405
GLY,SER,0.2623
GLY,THR,0.2991
GLY,GLY,0.1134
GLY,ALA,0.1967
GLY,MET,-0.1048
GLY,CYS,0.0774
GLY,PHE,0.1419
GLY,LEU,0.0427
GLY,VAL,0.1274
GLY,ILE,0.1675
ALA,ARG,0.0863
ALA,LYS,0.5890
ALA,ASN,0.4557
ALA,ASP,0.2390
ALA,GLN,0.1364
ALA,GLU,0.3296
ALA,HIS,-0.0617
ALA,PRO,0.3933
ALA,TYR,0.0258
ALA,TRP,0.1197
ALA,SER,0.0485
ALA,THR,0.5509
ALA,GLY,0.1967
ALA,ALA,-0.0203
ALA,MET,-0.3480
ALA,CYS,0.1248
ALA,PHE,-0.3347
ALA,LEU,-0.3005
ALA,VAL,-0.2342
ALA,ILE,0.1510
MET,ARG,-0.1691
MET,LYS,-0.0855
MET,ASN,0.0370
MET,ASP,0.2127
MET,GLN,0.2583
MET,GLU,-0.0891
MET,HIS,-0.5929
MET,PRO,-0.2739
MET,TYR,-0.1597
MET,TRP,-0.2643
MET,SER,0.2994
MET,THR,0.0021
MET,GLY,-0.1048
MET,ALA,-0.3480
MET,MET,-0.7834
MET,CYS,-0.1408
MET,PHE,-0.2749
MET,LEU,-0.5373
MET,VAL,-0.4304
MET,ILE,-0.0782
CYS,ARG,-0.0516
CYS,LYS,-0.2155
CYS,ASN,0.7083
CYS,ASP,0.6855
CYS,GLN,-0.2972
CYS,GLU,0.1732
CYS,HIS,-0.2898
CYS,PRO,1.4258
CYS,TYR,-0.0093
CYS,TRP,-0.4573
CYS,SER,-0.2154
CYS,THR,0.7522
CYS,GLY,0.0774
CYS,ALA,0.1248
CYS,MET,-0.1408
CYS,CYS,0.8104
CYS,PHE,-0.1201
CYS,LEU,-0.2815
CYS,VAL,0.2817
CYS,ILE,0.0418
PHE,ARG,-0.2749
PHE,LYS,0.0428
PHE,ASN,0.1128
PHE,ASP,0.4031
PHE,GLN,-0.0009
PHE,GLU,0.2260
PHE,HIS,-0.1252
PHE,PRO,-0.0835
PHE,TYR,-0.1903
PHE,TRP,-0.4828
PHE,SER,-0.0307
PHE,THR,-0.0467
PHE,GLY,0.1419
PHE,ALA,-0.3347
PHE,MET,-0.2749
PHE,CYS,-0.1201
PHE,PHE,-0.6080
PHE,LEU,-0.4378
PHE,VAL,-0.1886
PHE,ILE,-0.4798
LEU,ARG,-0.0798
LEU,LYS,-0.0411
LEU,ASN,0.2293
LEU,ASP,0.3965
LEU,GLN,-0.0074
LEU,GLU,0.3962
LEU,HIS,0.0958
LEU,PRO,-0.1188
LEU,TYR,0.0031
LEU,TRP,-0.1605
LEU,SER,0.1046
LEU,THR,0.2240
LEU,GLY,0.0427
LEU,ALA,-0.3005
LEU,MET,-0.5373
LEU,CYS,-0.2815
LEU,PHE,-0.4378
LEU,LEU,-0.3728
LEU,VAL,-0.4125
LEU,ILE,-0.4622
VAL,ARG,0.1588
VAL,LYS,0.4158
VAL,ASN,0.2417
VAL,ASP,0.3264
VAL,GLN,-0.1851
VAL,GLU,0.2364
VAL,HIS,0.0374
VAL,PRO,0.2488
VAL,TYR,-0.1134
VAL,TRP,-0.0098
VAL,SER,0.0925
VAL,THR,-0.1553
VAL,GLY,0.1274
VAL,ALA,-0.2342
VAL,MET,-0.4304
VAL,CYS,0.2817
VAL,PHE,-0.1886
VAL,LEU,-0.4125
VAL,VAL,-0.1246
VAL,ILE,-0.2096
ILE,ARG,-0.0189
ILE,LYS,0.2669
ILE,ASN,0.3255
ILE,ASP,0.3258
ILE,GLN,-0.2238
ILE,GLU,0.0528
ILE,HIS,-0.3230
ILE,PRO,0.0497
ILE,TYR,-0.1888
ILE,TRP,-0.2025
ILE,SER,0.0236
ILE,THR,0.1774
ILE,GLY,0.1675
ILE,ALA,0.1510
ILE,MET,-0.0782
ILE,CYS,0.0418
ILE,PHE,-0.4798
ILE,LEU,-0.4622
ILE,VAL,-0.2096
ILE,ILE,-0.1240
