1,Q,13
2,V,1
2,V,2
2,V,4
2,V,5
2,V,6
2,V,7
2,V,9
2,V,10
2,V,11
2,V,12
2,V,15
2,V,16
3,Q,0
3,Q,10
3,Q,13
3,Q,17
4,L,1
4,L,2
4,L,4
4,L,5
4,L,6
4,L,7
4,L,8
4,L,10
4,L,12
4,L,13
4,L,15
4,L,17
5,V,4
5,V,6
5,V,10
5,V,11
5,V,14
5,V,16
6,Q,11
7,S,1
7,S,4
7,S,18
7,S,38
7,S,43
8,G,0
9,A,0
9,G,0
10,E,7
10,E,8
10,E,9
10,E,14
11,V,7
12,K,2
12,K,25
12,K,26
13,K,28
14,P,0
15,G,0
16,A,0
17,S,1
17,S,2
17,S,3
17,S,4
17,S,5
17,S,12
17,S,13
17,S,14
17,S,15
17,S,16
17,S,17
17,S,18
17,S,19
17,S,21
17,S,22
17,S,24
17,S,26
17,S,27
17,S,28
17,S,32
17,S,33
17,S,35
17,S,38
17,S,40
17,S,43
17,S,44
17,S,46
17,S,49
18,V,0
18,V,1
18,V,4
18,V,6
18,V,10
18,V,15
18,V,16
19,S,8
19,S,10
19,S,12
19,S,13
19,S,14
19,S,15
19,S,17
19,S,26
19,S,31
19,S,32
19,S,36
19,S,41
19,S,43
19,K,0
19,K,1
19,K,2
19,K,4
19,K,8
19,K,9
19,K,13
19,K,14
19,K,16
19,K,17
19,K,18
19,K,19
19,K,20
19,K,21
19,K,22
19,K,29
19,K,36
19,K,37
20,V,0
20,V,1
20,V,3
20,V,4
20,V,7
20,V,10
20,V,11
20,V,12
20,V,16
21,S,6
21,S,7
21,S,8
21,S,9
21,S,10
21,S,11
21,S,13
21,S,15
21,S,16
21,S,19
21,S,21
21,S,22
21,S,26
21,S,28
21,S,31
21,S,36
21,S,39
21,S,41
21,S,43
21,T,18
21,T,19
21,T,28
21,T,29
21,T,30
21,T,31
21,T,33
21,T,36
21,T,37
21,T,38
21,T,39
22,C,1
22,C,2
22,C,3
22,C,5
22,C,6
23,A,0
23,S,0
23,S,3
23,S,6
23,S,7
23,S,8
23,S,9
23,S,10
23,S,11
23,S,12
23,S,13
23,S,14
23,S,15
23,S,16
23,S,17
23,S,19
23,S,20
23,S,21
23,S,22
23,S,26
23,S,28
23,S,29
23,S,31
23,S,32
23,S,36
23,S,39
23,S,41
23,S,42
23,S,43
23,S,49
23,K,9
23,K,11
23,K,12
23,K,13
23,K,14
23,K,17
23,K,18
23,K,19
23,K,20
23,K,21
23,K,29
23,K,30
23,K,31
23,K,32
23,K,36
23,K,37
24,A,0
24,V,1
24,V,4
24,V,5
24,V,7
24,V,9
24,V,10
24,V,11
24,V,12
24,V,14
24,V,15
24,V,16
24,T,0
24,T,1
24,T,3
24,T,6
24,T,9
24,T,11
24,T,12
24,T,13
24,T,14
24,T,15
24,T,16
24,T,17
24,T,18
24,T,20
24,T,21
24,T,25
24,T,26
24,T,27
24,T,28
24,T,29
24,T,30
24,T,31
24,T,33
24,T,36
24,T,37
24,T,38
24,T,39
25,S,13
25,S,14
25,S,15
25,S,16
25,S,17
25,S,26
25,S,32
25,S,41
25,S,43
26,G,0
27,Y,0
27,Y,1
27,Y,2
27,Y,3
27,Y,6
27,Y,7
27,Y,8
27,Y,10
27,Y,17
27,Y,19
27,Y,22
28,T,2
28,T,5
28,T,17
28,T,20
28,T,23
28,T,24
28,T,27
28,T,29
28,T,30
28,T,32
28,T,33
29,F,0
29,F,1
29,F,4
29,F,5
29,F,9
30,S,2
30,S,4
30,S,14
30,S,17
30,S,18
30,S,21
30,S,24
30,S,32
30,S,34
30,S,35
30,S,38
30,S,40
30,S,41
30,T,23
31,S,0
31,S,1
31,S,2
31,S,3
31,S,4
31,S,5
31,S,6
31,S,9
31,S,12
31,S,13
31,S,14
31,S,15
31,S,16
31,S,17
31,S,21
31,S,22
31,S,23
31,S,25
31,S,26
31,S,27
31,S,30
31,S,32
31,S,33
31,S,35
31,S,38
31,S,41
31,S,43
31,S,44
31,S,45
31,S,46
31,S,47
31,S,49
31,T,0
31,T,5
31,T,19
32,Y,0
32,Y,1
32,Y,4
32,Y,5
32,Y,6
32,Y,7
32,Y,8
32,Y,9
32,Y,11
32,Y,12
32,Y,13
32,Y,14
32,Y,15
32,Y,16
32,Y,17
32,Y,18
32,Y,20
32,Y,21
33,Y,4
33,Y,5
33,Y,6
33,Y,7
33,Y,9
33,Y,10
33,Y,11
33,Y,12
33,Y,13
33,Y,14
33,Y,15
33,Y,20
33,Y,21
33,W,4
33,W,5
33,W,9
33,W,11
34,M,0
34,M,2
34,M,3
34,M,5
34,M,6
34,M,7
34,M,8
34,M,9
34,M,11
34,M,12
34,M,13
34,M,14
34,M,15
34,M,16
35,S,6
35,S,7
35,S,8
35,S,9
35,S,10
35,S,11
35,S,12
35,S,13
35,S,14
35,S,15
35,S,16
35,S,17
35,S,19
35,S,21
35,S,22
35,S,25
35,S,26
35,S,28
35,S,31
35,S,32
35,S,33
35,S,36
35,S,39
35,S,41
35,S,42
35,S,43
35,S,45
35,S,48
35,H,6
35,H,8
36,W,3
36,W,4
36,W,6
36,W,7
36,W,9
36,W,10
36,W,11
37,V,0
37,V,1
37,V,2
37,V,6
37,V,9
37,V,10
37,V,15
37,V,16
38,R,0
38,R,1
38,R,2
38,R,5
38,R,6
38,R,11
38,R,13
38,R,34
38,R,39
38,R,40
38,R,45
38,R,46
39,Q,4
39,Q,6
39,Q,12
39,Q,16
39,Q,17
39,Q,19
39,Q,21
40,A,0
41,P,0
42,G,0
43,Q,2
43,Q,3
43,Q,4
43,Q,12
43,Q,13
43,Q,15
43,Q,16
43,Q,18
43,Q,19
43,Q,21
44,G,0
45,L,8
45,L,9
45,L,17
46,E,0
46,E,2
46,E,3
46,E,4
46,E,6
46,E,7
46,E,8
46,E,9
46,E,10
46,E,11
46,E,12
46,E,14
46,E,16
47,W,3
47,W,8
48,M,3
48,M,4
48,M,5
48,M,6
48,M,7
48,M,8
48,M,9
48,M,10
48,M,11
48,M,12
48,M,13
48,M,14
48,M,15
48,M,16
48,M,17
49,G,0
50,W,0
50,E,0
50,E,6
50,E,8
50,E,9
50,E,10
50,E,14
50,E,16
51,I,0
51,I,1
51,I,3
51,I,4
51,I,5
51,I,7
51,I,8
51,I,9
51,I,11
51,I,12
51,I,13
51,I,14
52,Y,4
52,Y,5
52,Y,6
52,Y,7
52,Y,9
52,Y,10
52,Y,11
52,Y,13
52,Y,14
52,Y,18
52,Y,20
52,W,5
52,W,9
52,W,11
52,S,0
52,S,5
52,S,7
52,S,8
52,S,10
52,S,11
52,S,12
52,S,13
52,S,14
52,S,15
52,S,16
52,S,17
52,S,19
52,S,20
52,S,21
52,S,22
52,S,23
52,S,25
52,S,26
52,S,27
52,S,28
52,S,31
52,S,32
52,S,33
52,S,36
52,S,39
52,S,41
52,S,43
52,S,44
52,S,45
52,S,46
52,S,48
52,D,3
52,D,4
52,D,6
52,D,8
52,D,10
53,W,0
53,W,1
53,S,18
53,S,34
53,S,37
53,P,0
54,F,0
54,F,1
54,F,2
54,F,4
54,F,5
54,F,6
54,F,8
54,F,10
54,D,3
54,D,4
54,D,6
54,D,9
54,G,0
55,D,1
55,D,6
55,D,8
55,D,9
55,N,1
55,N,5
55,G,0
56,G,0
57,S,33
57,T,2
57,T,3
57,T,4
57,T,5
57,T,8
57,T,10
57,T,11
57,T,19
57,T,20
57,T,23
57,T,24
57,T,32
57,T,34
57,R,0
57,R,1
57,R,2
57,R,3
57,R,4
57,R,5
57,R,6
57,R,8
57,R,10
57,R,11
57,R,12
57,R,13
57,R,14
57,R,15
57,R,16
57,R,17
57,R,18
57,R,19
57,R,20
57,R,21
57,R,22
57,R,23
57,R,24
57,R,25
57,R,26
57,R,27
57,R,28
57,R,29
57,R,30
57,R,31
57,R,32
57,R,33
57,R,34
57,R,35
57,R,36
57,R,38
57,R,39
57,R,40
57,R,41
57,R,42
57,R,43
57,R,44
57,R,45
57,N,5
57,N,6
57,N,7
57,N,8
57,G,0
58,T,1
58,T,2
58,T,3
58,T,5
58,T,7
58,T,11
58,T,18
58,T,19
58,T,20
58,T,22
58,T,23
58,T,24
58,T,25
58,T,32
58,T,34
58,T,35
58,T,36
58,T,37
59,N,0
59,N,3
59,N,4
59,N,5
59,N,6
59,N,7
59,N,8
60,Y,9
60,Y,11
60,Y,15
60,Y,16
61,N,2
61,N,3
61,N,7
61,N,8
62,E,0
62,E,2
62,E,3
62,E,4
62,E,7
62,E,8
62,E,9
62,E,10
62,E,11
62,E,12
62,E,13
62,E,14
62,E,15
63,A,0
63,S,1
63,S,2
63,S,3
63,S,4
63,S,5
63,S,9
63,S,12
63,S,13
63,S,14
63,S,15
63,S,16
63,S,17
63,S,18
63,S,21
63,S,22
63,S,23
63,S,24
63,S,26
63,S,28
63,S,29
63,S,30
63,S,32
63,S,34
63,S,35
63,S,38
63,S,40
63,S,41
63,S,43
63,S,44
63,S,46
63,S,47
63,K,0
63,K,2
63,K,4
63,K,5
63,K,6
63,K,7
63,K,9
63,K,10
63,K,11
63,K,12
63,K,15
63,K,16
63,K,17
63,K,18
63,K,19
63,K,20
63,K,21
63,K,24
63,K,25
63,K,26
63,K,27
63,K,28
63,K,29
63,K,30
63,K,31
63,K,32
63,K,33
63,K,37
64,F,2
64,F,3
64,F,6
64,F,7
64,F,8
64,F,10
65,K,1
65,K,2
65,K,3
65,K,4
65,K,5
65,K,9
65,K,13
65,K,17
65,K,28
65,K,29
65,K,30
65,K,36
66,S,2
66,S,4
66,S,5
66,S,12
66,S,14
66,S,15
66,S,16
66,S,17
66,S,18
66,S,21
66,S,24
66,S,26
66,S,32
66,S,34
66,S,35
66,S,38
66,S,40
66,S,46
66,D,0
66,D,4
66,D,6
66,D,9
67,R,1
67,R,5
67,R,6
67,R,23
67,R,24
67,R,26
67,R,27
67,R,28
67,R,30
67,R,31
67,R,35
67,R,36
67,R,38
67,R,40
67,R,42
67,R,44
67,R,45
68,V,0
68,V,1
68,V,2
68,V,3
68,V,4
68,V,6
68,V,7
68,V,8
68,V,9
68,V,10
68,V,11
68,V,12
68,V,13
68,V,14
68,V,15
68,V,16
69,S,8
69,S,10
69,S,11
69,S,27
69,S,31
69,S,36
69,S,39
69,S,41
69,S,43
69,T,0
69,T,5
69,T,13
69,T,14
69,T,15
69,T,16
69,T,18
69,T,23
69,T,24
69,T,26
69,T,28
69,T,32
69,T,36
69,T,38
70,M,0
70,M,5
70,M,6
70,M,7
70,M,8
70,M,9
70,M,11
70,M,12
70,M,13
70,M,14
70,M,15
70,M,17
71,T,6
71,T,8
71,T,10
71,T,11
71,T,15
71,T,22
72,K,1
72,K,4
72,K,9
72,K,10
72,K,13
72,K,14
72,K,17
72,K,19
72,K,20
72,K,23
72,K,26
72,K,29
72,K,30
72,K,33
72,K,36
72,K,37
72,R,2
72,R,6
72,R,18
72,R,19
72,R,20
72,R,22
72,R,33
72,R,37
72,R,39
72,R,41
72,R,45
73,D,2
73,D,3
73,D,6
73,D,9
74,T,2
74,T,5
74,T,6
74,T,9
74,T,18
74,T,20
74,T,23
74,T,24
74,T,29
74,T,30
74,T,32
74,T,33
74,T,36
74,T,37
74,T,38
75,S,0
75,S,4
75,S,12
75,S,13
75,S,14
75,S,15
75,S,16
75,S,17
75,S,18
75,S,21
75,S,24
75,S,25
75,S,26
75,S,27
75,S,32
75,S,34
75,S,35
75,S,38
75,S,45
76,T,0
76,T,1
76,T,2
76,T,3
76,T,4
76,T,5
76,T,6
76,T,9
76,T,19
76,T,20
76,T,23
76,T,24
76,T,25
76,T,31
76,T,32
76,T,33
76,T,34
76,T,36
76,T,38
77,S,3
77,S,13
77,S,14
77,S,15
77,S,26
77,S,32
77,S,33
77,S,42
77,S,45
78,T,0
78,T,1
78,T,2
78,T,3
78,T,4
78,T,5
78,T,6
78,T,7
78,T,8
78,T,10
78,T,11
78,T,12
78,T,13
78,T,14
78,T,15
78,T,16
78,T,17
78,T,18
78,T,19
78,T,20
78,T,21
78,T,22
78,T,24
78,T,25
78,T,26
78,T,27
78,T,28
78,T,29
78,T,30
78,T,32
78,T,33
78,T,35
78,T,36
78,T,37
78,T,38
79,V,0
79,V,1
79,V,2
79,V,3
79,V,4
79,V,5
79,V,6
79,V,7
79,V,8
79,V,9
79,V,10
79,V,11
79,V,12
79,V,13
79,V,14
79,V,15
79,V,16
80,Y,4
80,Y,5
80,Y,6
80,Y,7
80,Y,9
80,Y,10
80,Y,11
80,Y,12
80,Y,13
80,Y,14
80,Y,15
80,Y,16
80,Y,18
80,Y,20
80,Y,21
81,M,1
81,M,2
81,M,3
81,M,4
81,M,5
81,M,6
81,M,7
81,M,8
81,M,9
81,M,12
81,M,13
81,M,14
81,M,15
81,M,16
81,M,17
82,E,4
82,E,6
82,E,8
82,E,9
82,E,12
82,E,14
82,E,15
82,E,16
83,L,0
83,L,1
83,L,2
83,L,3
83,L,4
83,L,5
83,L,6
83,L,7
83,L,8
83,L,10
83,L,11
83,L,12
83,L,13
83,L,14
83,L,15
83,L,16
83,L,17
84,S,0
84,S,13
84,S,15
84,S,16
84,S,19
84,S,21
84,S,25
84,S,26
84,S,27
84,S,28
84,S,32
84,S,41
84,S,43
85,S,6
85,S,12
85,S,13
85,S,14
85,S,15
85,S,16
85,S,17
85,S,21
85,S,26
85,S,32
85,S,33
85,S,36
85,S,41
85,S,43
86,L,0
86,L,8
86,L,17
87,T,0
87,T,4
87,T,11
87,T,23
87,T,31
87,T,34
87,K,0
87,K,2
87,K,3
87,K,4
87,K,9
87,K,17
87,K,18
87,K,21
87,K,22
87,K,28
87,K,29
87,K,30
87,K,32
87,K,33
87,K,36
87,R,0
87,R,1
87,R,3
87,R,4
87,R,5
87,R,13
87,R,16
87,R,20
87,R,21
87,R,22
87,R,23
87,R,24
87,R,25
87,R,26
87,R,27
87,R,28
87,R,29
87,R,30
87,R,31
87,R,32
87,R,33
87,R,34
87,R,35
87,R,36
87,R,38
87,R,40
87,R,41
87,R,42
87,R,43
87,R,44
87,R,45
87,D,3
87,D,4
87,D,6
87,D,10
87,Q,0
87,Q,6
87,Q,7
87,Q,8
87,Q,10
87,Q,11
87,Q,14
87,Q,17
88,S,16
88,S,17
88,S,30
88,S,32
88,S,37
88,S,38
88,T,0
88,T,1
88,T,4
88,T,19
88,T,20
88,T,23
88,T,29
88,T,30
88,T,33
88,N,5
88,N,6
88,N,7
88,N,8
89,E,0
89,E,5
89,E,6
89,E,7
89,E,8
89,E,9
89,E,10
89,E,11
89,E,12
89,E,13
89,E,14
89,E,15
89,E,16
90,D,4
90,D,6
90,D,8
90,D,10
91,T,18
92,A,0
93,V,0
93,V,3
93,V,5
93,V,12
94,Y,5
94,Y,6
94,Y,7
94,Y,10
94,Y,13
94,Y,20
95,Y,4
95,Y,5
95,Y,9
95,Y,11
95,Y,12
95,Y,13
95,Y,14
95,Y,15
95,Y,21
96,C,0
96,C,1
96,C,2
96,C,3
96,C,4
96,C,5
96,C,6
97,A,0
98,R,0
98,R,1
98,R,2
98,R,3
98,R,5
98,R,6
98,R,7
98,R,8
98,R,12
98,R,13
98,R,17
98,R,18
98,R,19
98,R,20
98,R,21
98,R,22
98,R,26
98,R,27
98,R,28
98,R,29
98,R,30
98,R,31
98,R,34
98,R,35
98,R,36
98,R,38
98,R,39
98,R,40
98,R,41
98,R,44
98,R,45
98,R,46
99,E,0
99,E,3
99,E,4
99,E,5
99,E,6
99,E,8
99,E,9
99,E,10
99,E,12
99,E,13
99,E,14
99,E,15
99,E,16
100,R,0
100,R,1
100,R,3
100,R,5
100,R,6
100,R,7
100,R,10
100,R,13
100,R,14
100,R,15
100,R,16
100,R,19
100,R,20
100,R,21
100,R,22
100,R,23
100,R,24
100,R,25
100,R,26
100,R,27
100,R,28
100,R,33
100,R,34
100,R,35
100,R,36
100,R,38
100,R,40
100,R,41
100,R,42
100,R,43
100,R,44
100,R,45
101,P,0
102,L,1
102,L,2
102,L,7
102,L,8
102,L,10
102,L,11
102,L,12
102,L,15
102,L,17
103,Y,0
103,Y,1
103,Y,4
103,Y,5
103,Y,6
103,Y,7
103,Y,8
103,Y,9
103,Y,10
103,Y,11
103,Y,12
103,Y,13
103,Y,14
103,Y,15
103,Y,16
103,Y,17
103,Y,18
103,Y,20
103,Y,21
104,A,0
105,S,0
105,S,1
105,S,2
105,S,3
105,S,4
105,S,5
105,S,6
105,S,7
105,S,8
105,S,9
105,S,10
105,S,12
105,S,14
105,S,16
105,S,17
105,S,18
105,S,19
105,S,21
105,S,22
105,S,23
105,S,24
105,S,25
105,S,26
105,S,27
105,S,28
105,S,29
105,S,30
105,S,31
105,S,32
105,S,33
105,S,34
105,S,35
105,S,36
105,S,37
105,S,38
105,S,39
105,S,40
105,S,41
105,S,42
105,S,43
105,S,44
105,S,45
105,S,46
105,S,47
105,S,49
106,D,0
106,D,3
106,D,4
106,D,6
106,D,7
106,D,8
106,D,9
107,L,2
107,L,3
107,L,6
107,L,8
107,L,10
107,L,12
107,L,14
107,L,16
107,L,17
108,W,1
108,W,4
108,W,9
109,G,0
110,Q,14
111,G,0
112,T,27
113,T,13
113,T,14
113,T,16
113,T,17
113,T,20
113,T,23
113,T,27
113,T,29
113,T,30
114,V,4
114,V,7
114,V,10
114,V,11
114,V,12
114,V,16
115,T,14
115,T,15
115,T,16
115,T,17
115,T,18
115,T,26
115,T,27
115,T,28
115,T,30
115,T,39
116,V,4
116,V,5
116,V,7
116,V,10
116,V,11
116,V,12
116,V,14
116,V,16
117,S,43
118,S,16
118,S,26
118,S,32
119,I,0
119,I,2
119,I,3
119,I,4
119,I,5
119,I,6
119,I,7
119,I,8
119,I,9
119,I,11
119,I,12
119,I,13
119,I,14
120,Q,2
120,Q,3
120,Q,8
120,Q,13
120,Q,16
120,Q,18
120,Q,19
120,Q,21
121,M,2
121,M,3
121,M,6
121,M,7
121,M,12
121,M,13
121,M,14
121,M,17
122,T,13
122,T,14
122,T,15
122,T,16
122,T,17
122,T,18
122,T,21
122,T,26
122,T,27
122,T,28
122,T,29
122,T,30
122,T,34
122,T,37
122,T,39
123,Q,4
123,Q,12
123,Q,16
123,Q,19
124,S,3
124,S,15
124,S,41
124,S,43
124,S,49
125,P,0
126,A,0
126,L,7
126,L,8
126,L,10
126,L,12
126,L,15
126,S,4
126,S,6
126,S,17
126,S,18
126,S,24
126,S,34
126,S,36
126,S,38
127,S,15
127,S,41
127,S,43
127,T,23
127,T,25
127,T,29
128,L,2
128,L,12
129,S,7
129,S,10
129,S,17
129,S,22
129,S,36
129,S,39
129,P,0
130,A,0
131,S,1
131,S,4
131,S,12
131,S,13
131,S,14
131,S,15
131,S,16
131,S,17
131,S,18
131,S,26
131,S,32
131,S,38
131,S,41
131,S,43
132,V,1
132,V,4
132,V,10
132,V,14
132,V,15
132,V,16
133,G,0
134,D,3
134,D,4
135,R,12
135,R,13
135,R,14
135,R,15
135,R,16
135,R,17
135,R,18
135,R,19
135,R,20
135,R,23
135,R,24
135,R,25
135,R,27
135,R,28
135,R,41
135,R,42
136,V,0
136,V,1
136,V,3
136,V,4
136,V,6
136,V,7
136,V,9
136,V,10
136,V,11
136,V,12
136,V,14
136,V,15
136,V,16
137,T,7
137,T,9
137,T,12
137,T,13
137,T,14
137,T,15
137,T,16
137,T,17
137,T,18
137,T,20
137,T,21
137,T,22
137,T,25
137,T,26
137,T,27
137,T,28
137,T,29
137,T,30
137,T,37
137,T,39
138,I,4
138,I,5
138,I,11
138,I,13
139,T,0
139,T,3
139,T,5
139,T,7
139,T,8
139,T,10
139,T,11
139,T,20
139,T,23
139,T,24
139,T,25
139,T,29
139,T,31
139,T,32
139,T,33
139,T,34
139,T,36
139,T,37
139,T,38
140,C,0
140,C,1
140,C,2
140,C,3
140,C,4
140,C,5
140,C,6
141,R,7
141,R,11
141,R,12
141,R,14
141,R,19
141,R,20
141,R,23
141,R,25
141,R,29
141,R,31
141,R,33
141,R,42
142,S,4
142,S,10
142,S,11
142,S,12
142,S,13
142,S,14
142,S,15
142,S,16
142,S,17
142,S,18
142,S,21
142,S,22
142,S,26
142,S,28
142,S,31
142,S,32
142,S,36
142,S,38
142,S,39
142,S,41
142,S,43
143,S,1
143,S,4
143,S,30
143,S,38
144,Q,2
144,Q,14
144,Q,17
145,G,0
146,I,0
146,I,1
146,I,3
146,I,5
146,I,6
146,I,10
146,I,13
147,S,10
147,S,13
147,S,17
147,S,36
147,S,43
148,S,2
148,S,4
148,S,5
148,S,12
148,S,13
148,S,14
148,S,15
148,S,17
148,S,26
148,S,32
148,S,35
148,S,38
148,S,40
148,S,46
149,A,0
150,L,0
150,L,2
150,L,3
150,L,4
150,L,5
150,L,6
150,L,8
150,L,10
150,L,12
150,L,14
150,L,16
150,L,17
151,A,0
152,W,2
152,W,3
152,W,4
152,W,6
152,W,7
152,W,8
152,W,9
152,W,10
153,Y,9
153,Y,11
153,Y,12
153,Y,15
153,Y,16
153,Y,21
153,W,4
153,W,5
153,W,9
154,Q,0
154,Q,4
154,Q,5
154,Q,6
154,Q,9
154,Q,10
154,Q,11
154,Q,12
154,Q,14
154,Q,16
154,Q,17
154,Q,18
154,Q,19
154,Q,21
154,Q,22
154,Q,23
155,Q,12
155,Q,19
155,Q,21
156,K,6
156,K,7
156,K,13
156,K,14
156,K,15
156,K,16
156,K,18
156,K,19
156,K,21
156,K,23
156,K,25
156,K,28
156,K,29
156,K,30
156,K,31
156,K,33
156,K,37
157,P,0
158,G,0
159,K,6
159,K,7
159,K,8
159,K,9
159,K,10
159,K,11
159,K,13
159,K,15
159,K,17
159,K,19
159,K,24
159,K,26
159,K,27
159,K,28
159,K,29
159,K,30
159,K,31
159,K,32
159,K,36
160,A,0
160,T,2
160,T,4
160,T,7
160,T,8
160,T,10
160,T,11
160,T,19
160,T,22
160,T,23
160,T,25
160,T,29
160,T,32
160,T,33
160,T,35
160,P,0
161,P,0
162,K,0
162,K,2
162,K,4
162,K,5
162,K,6
162,K,7
162,K,8
162,K,9
162,K,10
162,K,11
162,K,12
162,K,13
162,K,14
162,K,15
162,K,16
162,K,17
162,K,18
162,K,19
162,K,20
162,K,21
162,K,22
162,K,23
162,K,24
162,K,25
162,K,26
162,K,27
162,K,28
162,K,29
162,K,30
162,K,31
162,K,32
162,K,33
162,K,36
162,K,37
163,L,1
163,L,2
163,L,3
163,L,7
163,L,8
163,L,9
163,L,10
163,L,11
163,L,13
163,L,15
163,L,16
164,L,0
164,L,1
164,L,2
164,L,3
164,L,4
164,L,5
164,L,6
164,L,7
164,L,8
164,L,9
164,L,10
164,L,11
164,L,12
164,L,13
164,L,15
164,L,16
164,L,17
165,L,2
165,L,8
165,L,12
165,I,4
165,I,5
165,I,7
165,I,9
165,I,11
165,I,12
165,I,13
165,I,14
166,Y,0
166,Y,1
166,Y,8
166,Y,17
166,K,1
166,K,2
166,K,3
166,K,5
166,K,18
166,K,19
166,K,22
166,K,25
166,K,27
166,K,33
167,S,6
167,S,12
167,S,13
167,S,14
167,S,15
167,S,16
167,S,17
167,S,21
167,S,22
167,S,26
167,S,32
167,S,41
168,A,0
169,S,2
169,S,5
169,S,12
169,S,13
169,S,14
169,S,15
169,S,16
169,S,17
169,S,18
169,S,21
169,S,24
169,S,26
169,S,27
169,S,32
169,S,35
169,S,47
170,Y,9
170,Y,11
170,Y,12
170,Y,14
170,Y,19
170,Y,21
171,L,0
171,L,10
171,L,12
171,L,15
171,L,16
171,R,0
171,R,2
171,R,4
171,R,13
171,R,37
171,R,39
171,R,43
171,N,5
172,Y,2
172,Y,3
172,Y,8
172,Y,19
172,R,10
172,R,11
172,R,16
172,R,22
172,R,23
172,R,32
172,R,39
172,E,2
172,E,3
172,E,6
172,E,7
172,E,9
172,E,11
172,E,12
172,E,14
173,T,3
173,T,8
173,T,17
173,T,18
173,T,20
173,T,23
173,T,29
173,T,30
173,T,33
173,T,34
173,T,39
173,P,0
174,G,0
175,V,0
175,V,1
175,V,4
175,V,5
175,V,6
175,V,7
175,V,8
175,V,9
175,V,10
175,V,11
175,V,12
175,V,14
175,V,15
175,V,16
175,I,4
175,I,6
175,I,8
175,I,11
175,I,14
176,P,0
177,S,2
177,S,4
177,S,15
177,S,35
177,S,40
177,S,44
177,S,46
177,D,0
177,D,1
177,D,3
177,D,6
177,D,9
178,R,2
178,R,3
178,R,6
178,R,23
178,R,24
178,R,26
178,R,28
178,R,29
178,R,30
178,R,31
178,R,34
178,R,35
178,R,37
178,R,40
178,R,42
178,R,44
178,R,45
178,R,46
179,F,1
179,F,2
179,F,3
179,F,4
179,F,5
179,F,6
179,F,7
179,F,8
179,F,9
179,F,10
180,S,0
180,S,2
180,S,5
180,S,13
180,S,15
180,S,25
180,S,27
180,S,35
180,S,40
180,S,41
180,S,43
180,S,44
180,S,45
180,S,46
180,S,47
181,G,0
182,S,0
182,S,2
182,S,3
182,S,5
182,S,15
182,S,27
182,S,29
182,S,33
182,S,35
182,S,40
182,S,43
182,S,45
182,S,46
182,S,47
183,G,0
184,S,15
184,S,43
185,G,0
186,T,1
186,T,2
186,T,14
186,T,17
186,T,20
186,T,23
186,T,24
186,T,27
186,T,32
187,D,2
187,D,3
187,D,4
187,D,6
187,D,10
188,F,1
188,F,2
188,F,5
188,F,6
188,F,8
188,F,9
189,T,0
189,T,2
189,T,5
189,T,6
189,T,7
189,T,8
189,T,10
189,T,11
189,T,12
189,T,13
189,T,14
189,T,15
189,T,16
189,T,17
189,T,18
189,T,20
189,T,21
189,T,22
189,T,23
189,T,24
189,T,25
189,T,26
189,T,27
189,T,28
189,T,29
189,T,30
189,T,32
189,T,33
189,T,34
189,T,36
189,T,37
189,T,39
190,F,1
190,F,2
190,F,3
190,F,4
190,F,5
190,F,6
190,F,8
190,F,9
190,F,10
191,T,5
191,T,6
191,T,7
191,T,8
191,T,9
191,T,10
191,T,11
191,T,12
191,T,13
191,T,14
191,T,15
191,T,16
191,T,17
191,T,18
191,T,20
191,T,21
191,T,22
191,T,23
191,T,24
191,T,25
191,T,26
191,T,27
191,T,28
191,T,29
191,T,30
191,T,33
191,T,34
191,T,36
191,T,37
191,T,38
191,T,39
192,I,0
192,I,1
192,I,4
192,I,5
192,I,6
192,I,9
192,I,11
192,I,13
192,K,0
192,K,7
192,K,14
192,K,15
192,K,16
192,K,18
192,K,20
192,K,21
192,K,22
192,K,23
192,K,24
192,K,25
192,K,26
192,K,27
192,K,33
192,K,34
192,K,35
192,K,37
192,R,7
192,R,8
192,R,28
192,R,29
192,R,32
192,R,33
192,R,35
192,R,38
192,R,44
193,S,2
193,S,4
193,S,5
193,S,6
193,S,9
193,S,12
193,S,13
193,S,14
193,S,15
193,S,16
193,S,17
193,S,26
193,S,32
193,S,35
193,S,38
193,S,40
193,S,41
193,S,46
193,S,47
194,S,8
194,S,11
194,S,12
194,S,15
194,S,31
194,S,36
195,L,1
195,L,2
195,L,4
195,L,5
195,L,6
195,L,7
195,L,8
195,L,9
195,L,10
195,L,11
195,L,12
195,L,13
195,L,14
195,L,15
195,L,17
196,Q,0
196,Q,1
196,Q,2
196,Q,4
196,Q,6
196,Q,7
196,Q,8
196,Q,10
196,Q,11
196,Q,12
196,Q,13
196,Q,14
196,Q,15
196,Q,16
196,Q,19
196,Q,20
196,Q,21
197,E,2
197,E,7
197,E,8
197,E,14
197,E,15
197,Q,0
197,Q,2
197,Q,3
197,Q,5
197,Q,6
197,Q,7
197,Q,8
197,Q,10
197,Q,13
197,Q,14
197,Q,17
197,Q,19
197,Q,21
197,P,0
198,E,0
198,E,2
198,E,5
198,E,6
198,E,7
198,E,8
198,E,9
198,E,10
198,E,12
198,E,13
198,E,14
198,E,15
198,E,16
199,D,1
199,D,4
199,D,6
199,D,8
199,D,10
200,L,2
200,L,3
200,L,8
200,L,10
200,L,12
200,I,5
200,I,6
200,I,11
200,I,13
201,A,0
202,T,0
202,T,2
202,T,3
202,T,5
202,T,6
202,T,8
202,T,9
202,T,10
202,T,11
202,T,19
202,T,20
202,T,22
202,T,23
202,T,24
202,T,25
202,T,29
202,T,31
202,T,32
202,T,33
202,T,34
202,T,36
202,T,38
203,Y,4
203,Y,5
203,Y,6
203,Y,7
203,Y,9
203,Y,10
203,Y,12
203,Y,13
203,Y,14
203,Y,18
203,Y,20
203,Y,21
204,Y,4
204,Y,5
204,Y,10
204,Y,11
204,Y,12
204,Y,13
204,Y,18
204,Y,20
204,Y,21
205,C,0
205,C,1
205,C,2
205,C,3
205,C,4
205,C,5
205,C,6
206,Q,0
206,Q,4
206,Q,5
206,Q,9
206,Q,10
206,Q,12
206,Q,13
206,Q,14
206,Q,16
206,Q,17
206,Q,18
206,Q,19
206,Q,21
206,Q,22
206,Q,23
207,Q,0
207,Q,7
207,Q,8
207,Q,10
207,Q,14
207,Q,16
207,Q,20
207,Q,22
207,Q,23
208,R,2
208,R,6
208,R,7
208,R,8
208,R,9
208,R,10
208,R,14
208,R,15
208,R,16
208,R,18
208,R,19
208,R,20
208,R,22
208,R,23
208,R,24
208,R,25
208,R,29
208,R,32
208,R,33
208,R,45
209,Y,19
210,S,1
210,S,12
210,S,13
210,S,15
210,S,18
210,S,37
210,S,41
210,S,43
210,S,49
211,L,2
211,L,8
211,L,10
211,L,12
211,L,17
212,W,1
212,W,4
212,W,11
213,S,6
213,S,7
213,S,8
213,S,9
213,S,10
213,S,11
213,S,12
213,S,13
213,S,14
213,S,15
213,S,16
213,S,17
213,S,19
213,S,20
213,S,21
213,S,22
213,S,26
213,S,28
213,S,31
213,S,32
213,S,36
213,S,39
213,S,41
213,S,43
213,S,48
213,R,12
213,R,17
213,R,18
213,R,19
213,R,20
213,R,21
213,R,22
213,R,23
213,R,25
213,R,29
213,R,31
213,R,36
213,R,46
213,D,4
213,D,6
213,D,8
213,D,10
213,G,0
214,W,2
214,W,7
214,W,9
214,T,12
214,T,13
214,T,14
214,T,15
214,T,17
214,T,18
214,T,21
214,T,26
214,T,27
214,T,28
214,T,30
214,T,36
214,T,37
214,T,38
214,T,39
214,N,6
214,N,8
214,G,0
215,F,2
215,F,6
215,F,8
215,F,10
216,G,0
217,Q,0
217,Q,3
217,Q,5
217,Q,6
217,Q,7
217,Q,8
217,Q,10
217,Q,12
217,Q,13
217,Q,14
217,Q,15
217,Q,17
217,Q,18
217,Q,19
217,Q,21
218,G,0
219,T,30
219,T,39
220,K,7
220,K,15
220,K,17
220,K,19
220,K,20
220,K,21
220,K,22
220,K,28
220,K,29
220,K,30
220,K,31
220,K,32
220,K,33
220,K,36
221,L,1
221,L,7
221,L,8
221,L,10
221,L,12
221,L,13
221,L,16
221,L,17
222,E,2
222,E,7
222,E,8
222,E,9
222,E,12
222,E,14
222,E,16
223,I,0
223,I,1
223,I,2
223,I,3
223,I,4
223,I,5
223,I,6
223,I,7
223,I,8
223,I,11
223,I,12
223,I,14
224,K,6
224,K,9
224,K,13
224,K,14
224,K,26
224,K,28
224,K,29
224,K,30
224,K,32
224,K,36
224,K,37
